"unique_id","doc_id","source_name","source_type","region","station","country","year","women_start_register","women_added"
"WA-0001","NLS-CP-1877"," Annual report of the working of the lock-hospitals in the  Cental Provinces","Colonial Medical Annual Lock Hospital Report","Central Provinces","Kamptee","British India",1876,NA,NA
"WA-0002","NLS-CP-1877"," Annual report of the working of the lock-hospitals in the  Cental Provinces","Colonial Medical Annual Lock Hospital Report","Central Provinces","Sitabaldi (Nagpur)","British India",1877,16,3
"WA-0003","NLS-CP-1877"," Annual report of the working of the lock-hospitals in the  Cental Provinces","Colonial Medical Annual Lock Hospital Report","Central Provinces","Kamptee","British India",1877,65,13
"WA-0004","NLS-CP-1877"," Annual report of the working of the lock-hospitals in the  Cental Provinces","Colonial Medical Annual Lock Hospital Report","Central Provinces","Saugor","British India",1879,67,18
"WA-0005","NWPO-1878","Fifth annual report of the working of the lock-hospitals in the North-Western Provinces and Oudh","Colonial Medical Annual Lock Hospital Report","North-Western Provinces & Oudh","Allahabad","British India",1878,NA,NA
"WA-0006","NWPO-1878","Fifth annual report of the working of the lock-hospitals in the North-Western Provinces and Oudh","Colonial Medical Annual Lock Hospital Report","North-Western Provinces & Oudh","Cawnpore","British India",1878,NA,NA
"WA-0007","NWPO-1878","Fifth annual report of the working of the lock-hospitals in the North-Western Provinces and Oudh","Colonial Medical Annual Lock Hospital Report","North-Western Provinces & Oudh","Lucknow","British India",1878,NA,NA
"WA-0008","NWPO-1878","Fifth annual report of the working of the lock-hospitals in the North-Western Provinces and Oudh","Colonial Medical Annual Lock Hospital Report","North-Western Provinces & Oudh","Meerut","British India",1878,NA,NA
"WA-0009","NWPO-1878","Fifth annual report of the working of the lock-hospitals in the North-Western Provinces and Oudh","Colonial Medical Annual Lock Hospital Report","North-Western Provinces & Oudh","Agra","British India",1878,NA,NA
"WA-0010","NWPO-1878","Fifth annual report of the working of the lock-hospitals in the North-Western Provinces and Oudh","Colonial Medical Annual Lock Hospital Report","North-Western Provinces & Oudh","Bareilly","British India",1878,NA,NA
"WA-0011","NWPO-1878","Fifth annual report of the working of the lock-hospitals in the North-Western Provinces and Oudh","Colonial Medical Annual Lock Hospital Report","North-Western Provinces & Oudh","Benares","British India",1878,NA,NA
"WA-0012","NWPO-1878","Fifth annual report of the working of the lock-hospitals in the North-Western Provinces and Oudh","Colonial Medical Annual Lock Hospital Report","North-Western Provinces & Oudh","Moradabad","British India",1878,NA,NA
"WA-0013","NWPO-1878","Fifth annual report of the working of the lock-hospitals in the North-Western Provinces and Oudh","Colonial Medical Annual Lock Hospital Report","North-Western Provinces & Oudh","Naini Tal","British India",1878,NA,NA
"WA-0014","NWPO-1878","Fifth annual report of the working of the lock-hospitals in the North-Western Provinces and Oudh","Colonial Medical Annual Lock Hospital Report","North-Western Provinces & Oudh","Fyzabad","British India",1878,NA,NA
"WA-0015","NWPO-1878","Fifth annual report of the working of the lock-hospitals in the North-Western Provinces and Oudh","Colonial Medical Annual Lock Hospital Report","North-Western Provinces & Oudh","Shahjahanpur","British India",1878,NA,NA
"WA-0016","NWPO-1878","Fifth annual report of the working of the lock-hospitals in the North-Western Provinces and Oudh","Colonial Medical Annual Lock Hospital Report","North-Western Provinces & Oudh","Sitapur","British India",1878,NA,NA
"WA-0017","NWPO-1878","Fifth annual report of the working of the lock-hospitals in the North-Western Provinces and Oudh","Colonial Medical Annual Lock Hospital Report","North-Western Provinces & Oudh","Roorkee","British India",1878,NA,NA
"WA-0018","NWPO-1878","Fifth annual report of the working of the lock-hospitals in the North-Western Provinces and Oudh","Colonial Medical Annual Lock Hospital Report","North-Western Provinces & Oudh","Jhansi","British India",1878,NA,NA
"WA-0019","NWPO-1878","Fifth annual report of the working of the lock-hospitals in the North-Western Provinces and Oudh","Colonial Medical Annual Lock Hospital Report","North-Western Provinces & Oudh","Muttra","British India",1878,NA,NA
"WA-0020","NWPO-1878","Fifth annual report of the working of the lock-hospitals in the North-Western Provinces and Oudh","Colonial Medical Annual Lock Hospital Report","North-Western Provinces & Oudh","Chakrata","British India",1878,NA,NA
"WA-0021","NWPO-1878","Fifth annual report of the working of the lock-hospitals in the North-Western Provinces and Oudh","Colonial Medical Annual Lock Hospital Report","North-Western Provinces & Oudh","Allahabad","British India",1879,170,86
"WA-0022","NWPO-1878","Fifth annual report of the working of the lock-hospitals in the North-Western Provinces and Oudh","Colonial Medical Annual Lock Hospital Report","North-Western Provinces & Oudh","Lucknow","British India",1879,329,52
"WA-0023","NWPO-1878","Fifth annual report of the working of the lock-hospitals in the North-Western Provinces and Oudh","Colonial Medical Annual Lock Hospital Report","North-Western Provinces & Oudh","Allahabad","British India",1879,NA,170
"WA-0024","NWPO-1878","Fifth annual report of the working of the lock-hospitals in the North-Western Provinces and Oudh","Colonial Medical Annual Lock Hospital Report","North-Western Provinces & Oudh","Lucknow","British India",1879,NA,329
"WA-0025","NWPO-1878","Fifth annual report of the working of the lock-hospitals in the North-Western Provinces and Oudh","Colonial Medical Annual Lock Hospital Report","North-Western Provinces & Oudh","Cawnpore","British India",1879,NA,245
"WA-0026","NWPO-1878","Fifth annual report of the working of the lock-hospitals in the North-Western Provinces and Oudh","Colonial Medical Annual Lock Hospital Report","North-Western Provinces & Oudh","Agra","British India",1879,NA,241
"WA-0027","NWPO-1878","Fifth annual report of the working of the lock-hospitals in the North-Western Provinces and Oudh","Colonial Medical Annual Lock Hospital Report","North-Western Provinces & Oudh","Meerut","British India",1879,NA,179
"WA-0028","NWPO-1878","Fifth annual report of the working of the lock-hospitals in the North-Western Provinces and Oudh","Colonial Medical Annual Lock Hospital Report","North-Western Provinces & Oudh","Bareilly","British India",1879,NA,109
"WA-0029","NWPO-1878","Fifth annual report of the working of the lock-hospitals in the North-Western Provinces and Oudh","Colonial Medical Annual Lock Hospital Report","North-Western Provinces & Oudh","Fyzabad","British India",1879,NA,131
"WA-0030","NWPO-1878","Fifth annual report of the working of the lock-hospitals in the North-Western Provinces and Oudh","Colonial Medical Annual Lock Hospital Report","North-Western Provinces & Oudh","Benares","British India",1879,NA,118
"WA-0031","NWPO-1878","Fifth annual report of the working of the lock-hospitals in the North-Western Provinces and Oudh","Colonial Medical Annual Lock Hospital Report","North-Western Provinces & Oudh","Moradabad","British India",1879,NA,83
"WA-0032","NWPO-1878","Fifth annual report of the working of the lock-hospitals in the North-Western Provinces and Oudh","Colonial Medical Annual Lock Hospital Report","North-Western Provinces & Oudh","Shahjahanpur","British India",1879,NA,72
"WA-0033","PB1887","Punjab Lock Hospital Report","Colonial Medical Annual Lock Hospital Report","Punjab","Delhi","British India",1887,76,21
"WA-0034","PB1887","Punjab Lock Hospital Report","Colonial Medical Annual Lock Hospital Report","Punjab","Umballa","British India",1887,85,20
"WA-0035","PB1887","Punjab Lock Hospital Report","Colonial Medical Annual Lock Hospital Report","Punjab","Dagshai","British India",1887,30,5
"WA-0036","PB1887","Punjab Lock Hospital Report","Colonial Medical Annual Lock Hospital Report","Punjab","Kasauli","British India",1887,23,NA
"WA-0037","PB1887","Punjab Lock Hospital Report","Colonial Medical Annual Lock Hospital Report","Punjab","Subathu","British India",1887,NA,NA
"WA-0038","PB1887","Punjab Lock Hospital Report","Colonial Medical Annual Lock Hospital Report","Punjab","Jullundur","British India",1887,NA,NA
"WA-0039","PB1887","Punjab Lock Hospital Report","Colonial Medical Annual Lock Hospital Report","Punjab","Ferozepore","British India",1887,NA,NA
"WA-0040","PB1887","Punjab Lock Hospital Report","Colonial Medical Annual Lock Hospital Report","Punjab","Meean Meer","British India",1887,NA,NA
"WA-0041","PB1887","Punjab Lock Hospital Report","Colonial Medical Annual Lock Hospital Report","Punjab","Mooltan","British India",1887,NA,NA
"WA-0042","PB1887","Punjab Lock Hospital Report","Colonial Medical Annual Lock Hospital Report","Punjab","Dalhousie","British India",1887,NA,NA
"WA-0043","PB1887","Punjab Lock Hospital Report","Colonial Medical Annual Lock Hospital Report","Punjab","Sialkot","British India",1887,NA,NA
"WA-0044","PB1887","Punjab Lock Hospital Report","Colonial Medical Annual Lock Hospital Report","Punjab","Rawalpindi","British India",1887,NA,NA
"WA-0045","PB1887","Punjab Lock Hospital Report","Colonial Medical Annual Lock Hospital Report","Punjab","Attock","British India",1887,NA,NA
"WA-0046","PB1887","Punjab Lock Hospital Report","Colonial Medical Annual Lock Hospital Report","Punjab","Murree","British India",1887,NA,NA
"WA-0047","PB1887","Punjab Lock Hospital Report","Colonial Medical Annual Lock Hospital Report","Punjab","Peshawar","British India",1887,NA,NA
"WA-0048","PB1887","Punjab Lock Hospital Report","Colonial Medical Annual Lock Hospital Report","Punjab","Naushahra","British India",1887,NA,NA
"WA-0049","PB1887","Punjab Lock Hospital Report","Colonial Medical Annual Lock Hospital Report","Punjab","Delhi","British India",1889,92,8
"WA-0050","PB1887","Punjab Lock Hospital Report","Colonial Medical Annual Lock Hospital Report","Punjab","Umballa","British India",1889,83,7
"WA-0051","PB1887","Punjab Lock Hospital Report","Colonial Medical Annual Lock Hospital Report","Punjab","Dagshai","British India",1889,29,2
"WA-0052","PB1887","Punjab Lock Hospital Report","Colonial Medical Annual Lock Hospital Report","Punjab","Kasauli","British India",1889,4,NA
"WA-0053","PB1887","Punjab Lock Hospital Report","Colonial Medical Annual Lock Hospital Report","Punjab","Subathu","British India",1889,NA,NA
"WA-0054","PB1887","Punjab Lock Hospital Report","Colonial Medical Annual Lock Hospital Report","Punjab","Jullundur","British India",1889,NA,NA
"WA-0055","PB1887","Punjab Lock Hospital Report","Colonial Medical Annual Lock Hospital Report","Punjab","Ferozepore","British India",1889,NA,NA
"WA-0056","PB1887","Punjab Lock Hospital Report","Colonial Medical Annual Lock Hospital Report","Punjab","Meean Meer","British India",1889,NA,NA
"WA-0057","PB1887","Punjab Lock Hospital Report","Colonial Medical Annual Lock Hospital Report","Punjab","Mooltan","British India",1889,NA,NA
"WA-0058","PB1887","Punjab Lock Hospital Report","Colonial Medical Annual Lock Hospital Report","Punjab","Dalhousie","British India",1889,NA,NA
"WA-0059","PB1887","Punjab Lock Hospital Report","Colonial Medical Annual Lock Hospital Report","Punjab","Sialkot","British India",1889,NA,NA
"WA-0060","PB1887","Punjab Lock Hospital Report","Colonial Medical Annual Lock Hospital Report","Punjab","Rawalpindi","British India",1889,NA,NA
"WA-0061","PB1887","Punjab Lock Hospital Report","Colonial Medical Annual Lock Hospital Report","Punjab","Attock","British India",1889,NA,NA
"WA-0062","PB1887","Punjab Lock Hospital Report","Colonial Medical Annual Lock Hospital Report","Punjab","Murree","British India",1889,NA,NA
"WA-0063","PB1887","Punjab Lock Hospital Report","Colonial Medical Annual Lock Hospital Report","Punjab","Peshawar","British India",1889,NA,NA
"WA-0064","PB1887","Punjab Lock Hospital Report","Colonial Medical Annual Lock Hospital Report","Punjab","Naushahra","British India",1889,NA,NA
"WA-0065","PB1887","Punjab Lock Hospital Report","Colonial Medical Annual Lock Hospital Report","Punjab","Delhi","British India",1888,95,10
"WA-0066","PB1887","Punjab Lock Hospital Report","Colonial Medical Annual Lock Hospital Report","Punjab","Umballa","British India",1888,85,8
"WA-0067","PB1887","Punjab Lock Hospital Report","Colonial Medical Annual Lock Hospital Report","Punjab","Dagshai","British India",1888,28,2
"WA-0068","PB1887","Punjab Lock Hospital Report","Colonial Medical Annual Lock Hospital Report","Punjab","Kasauli","British India",1888,5,NA
"WA-0069","PB1887","Punjab Lock Hospital Report","Colonial Medical Annual Lock Hospital Report","Punjab","Subathu","British India",1888,NA,NA
"WA-0070","PB1887","Punjab Lock Hospital Report","Colonial Medical Annual Lock Hospital Report","Punjab","Jullundur","British India",1888,NA,NA
"WA-0071","PB1887","Punjab Lock Hospital Report","Colonial Medical Annual Lock Hospital Report","Punjab","Ferozepore","British India",1888,NA,NA
"WA-0072","PB1887","Punjab Lock Hospital Report","Colonial Medical Annual Lock Hospital Report","Punjab","Meean Meer","British India",1888,NA,NA
"WA-0073","PB1887","Punjab Lock Hospital Report","Colonial Medical Annual Lock Hospital Report","Punjab","Mooltan","British India",1888,NA,NA
"WA-0074","PB1887","Punjab Lock Hospital Report","Colonial Medical Annual Lock Hospital Report","Punjab","Dalhousie","British India",1888,NA,NA
"WA-0075","PB1887","Punjab Lock Hospital Report","Colonial Medical Annual Lock Hospital Report","Punjab","Sialkot","British India",1888,NA,NA
"WA-0076","PB1887","Punjab Lock Hospital Report","Colonial Medical Annual Lock Hospital Report","Punjab","Rawalpindi","British India",1888,NA,NA
"WA-0077","PB1887","Punjab Lock Hospital Report","Colonial Medical Annual Lock Hospital Report","Punjab","Attock","British India",1888,NA,NA
"WA-0078","PB1887","Punjab Lock Hospital Report","Colonial Medical Annual Lock Hospital Report","Punjab","Murree","British India",1888,NA,NA
"WA-0079","PB1887","Punjab Lock Hospital Report","Colonial Medical Annual Lock Hospital Report","Punjab","Peshawar","British India",1888,NA,NA
"WA-0080","PB1887","Punjab Lock Hospital Report","Colonial Medical Annual Lock Hospital Report","Punjab","Naushahra","British India",1888,NA,NA
"WA-0081","PB1887","Punjab Lock Hospital Report","Colonial Medical Annual Lock Hospital Report","Punjab","Delhi","British India",1888,95,10
"WA-0082","PB1887","Punjab Lock Hospital Report","Colonial Medical Annual Lock Hospital Report","Punjab","Umballa","British India",1888,85,8
"WA-0083","PB1887","Punjab Lock Hospital Report","Colonial Medical Annual Lock Hospital Report","Punjab","Dagshai","British India",1888,28,2
"WA-0084","PB1887","Punjab Lock Hospital Report","Colonial Medical Annual Lock Hospital Report","Punjab","Kasauli","British India",1888,5,NA
"WA-0085","PB1887","Punjab Lock Hospital Report","Colonial Medical Annual Lock Hospital Report","Punjab","Subathu","British India",1888,NA,NA
"WA-0086","PB1887","Punjab Lock Hospital Report","Colonial Medical Annual Lock Hospital Report","Punjab","Jullundur","British India",1888,NA,NA
"WA-0087","PB1887","Punjab Lock Hospital Report","Colonial Medical Annual Lock Hospital Report","Punjab","Ferozepore","British India",1888,NA,NA
"WA-0088","PB1887","Punjab Lock Hospital Report","Colonial Medical Annual Lock Hospital Report","Punjab","Meean Meer","British India",1888,NA,NA
"WA-0089","PB1887","Punjab Lock Hospital Report","Colonial Medical Annual Lock Hospital Report","Punjab","Mooltan","British India",1888,NA,NA
"WA-0090","PB1887","Punjab Lock Hospital Report","Colonial Medical Annual Lock Hospital Report","Punjab","Dalhousie","British India",1888,NA,NA
"WA-0091","PB1887","Punjab Lock Hospital Report","Colonial Medical Annual Lock Hospital Report","Punjab","Sialkot","British India",1888,NA,NA
"WA-0092","PB1887","Punjab Lock Hospital Report","Colonial Medical Annual Lock Hospital Report","Punjab","Rawalpindi","British India",1888,NA,NA
"WA-0093","PB1887","Punjab Lock Hospital Report","Colonial Medical Annual Lock Hospital Report","Punjab","Attock","British India",1888,NA,NA
"WA-0094","PB1887","Punjab Lock Hospital Report","Colonial Medical Annual Lock Hospital Report","Punjab","Murree","British India",1888,NA,NA
"WA-0095","PB1887","Punjab Lock Hospital Report","Colonial Medical Annual Lock Hospital Report","Punjab","Peshawar","British India",1888,NA,NA
"WA-0096","PB1887","Punjab Lock Hospital Report","Colonial Medical Annual Lock Hospital Report","Punjab","Naushahra","British India",1888,NA,NA
"WA-0097","BB1886","Burma Annual Report 1875","Colonial Medical Annual Lock Hospital Report","British Burma Division","Rangoon","British India",1875,356,284
"WA-0098","BB1886","Burma Annual Report 1875","Colonial Medical Annual Lock Hospital Report","British Burma Division","Bassein","British India",1875,14,6
"WA-0099","BB1886","Burma Annual Report 1875","Colonial Medical Annual Lock Hospital Report","British Burma Division","Prome","British India",1875,25,20
"WA-0100","BB1886","Burma Annual Report 1875","Colonial Medical Annual Lock Hospital Report","British Burma Division","Thayetmyo","British India",1875,18,11
"WA-0101","BB1886","Burma Annual Report 1875","Colonial Medical Annual Lock Hospital Report","British Burma Division","Akyab","British India",1875,50,28
"WA-0102","BB1886","Burma Annual Report 1875","Colonial Medical Annual Lock Hospital Report","British Burma Division","Moulmein","British India",1875,85,53
"WA-0103","BB1886","Burma Annual Report 1875","Colonial Medical Annual Lock Hospital Report","British Burma Division","Toungoo","British India",1875,11,10
"WA-0104","BB1886","Burma Lock Hospital Report","Colonial Medical Annual Lock Hospital Report","British Burma Division","Rangoon","India (British Burma)",1876,356,284
"WA-0105","BB1886","Burma Lock Hospital Report","Colonial Medical Annual Lock Hospital Report","British Burma Division","Bassein","India (British Burma)",1876,14,6
"WA-0106","BB1886","Burma Lock Hospital Report","Colonial Medical Annual Lock Hospital Report","British Burma Division","Prome","India (British Burma)",1876,25,20
"WA-0107","BB1886","Burma Lock Hospital Report","Colonial Medical Annual Lock Hospital Report","British Burma Division","Thayetmyo","India (British Burma)",1876,18,11
"WA-0108","BB1886","Burma Lock Hospital Report","Colonial Medical Annual Lock Hospital Report","British Burma Division","Akyab","India (British Burma)",1876,50,28
"WA-0109","BB1886","Burma Lock Hospital Report","Colonial Medical Annual Lock Hospital Report","British Burma Division","Moulmein","India (British Burma)",1876,85,53
"WA-0110","BB1886","Burma Lock Hospital Report","Colonial Medical Annual Lock Hospital Report","British Burma Division","Toungoo","India (British Burma)",1876,11,10
"WA-0111","BB1886","Burma Lock Hospital Report","Colonial Medical Annual Lock Hospital Report","British Burma Division","Henzada","India (British Burma)",1876,8,17
"WA-0112","BB1886","Burma Lock Hospital Report","Colonial Medical Annual Lock Hospital Report","British Burma Division","Rangoon","India (British Burma)",1877,466,239
"WA-0113","BB1886","Burma Lock Hospital Report","Colonial Medical Annual Lock Hospital Report","British Burma Division","Thayetmyo","India (British Burma)",1877,19,34
"WA-0114","BB1886","Burma Lock Hospital Report","Colonial Medical Annual Lock Hospital Report","British Burma Division","Bassein","India (British Burma)",1877,15,22
"WA-0115","BB1886","Burma Lock Hospital Report","Colonial Medical Annual Lock Hospital Report","British Burma Division","Henzada","India (British Burma)",1877,8,17
"WA-0116","BB1886","Burma Lock Hospital Report","Colonial Medical Annual Lock Hospital Report","British Burma Division","Akyab","India (British Burma)",1877,45,44
"WA-0117","BB1886","Burma Lock Hospital Report","Colonial Medical Annual Lock Hospital Report","British Burma Division","Moulmein","India (British Burma)",1877,67,39
"WA-0118","BB1886","Burma Lock Hospital Report","Colonial Medical Annual Lock Hospital Report","British Burma Division","Toungoo","India (British Burma)",1877,15,NA
"WA-0119","BB1886","Burma Lock Hospital Report","Colonial Medical Annual Lock Hospital Report","British Burma Division","Rangoon","India (British Burma)",1878,407,280
"WA-0120","BB1886","Burma Lock Hospital Report","Colonial Medical Annual Lock Hospital Report","British Burma Division","Bassein","India (British Burma)",1878,22,17
"WA-0121","BB1886","Burma Lock Hospital Report","Colonial Medical Annual Lock Hospital Report","British Burma Division","Prome","India (British Burma)",1878,16,58
"WA-0122","BB1886","Burma Lock Hospital Report","Colonial Medical Annual Lock Hospital Report","British Burma Division","Thayetmyo","India (British Burma)",1878,23,23
"WA-0123","BB1886","Burma Lock Hospital Report","Colonial Medical Annual Lock Hospital Report","British Burma Division","Henzada","India (British Burma)",1878,16,17
"WA-0124","BB1886","Burma Lock Hospital Report","Colonial Medical Annual Lock Hospital Report","British Burma Division","Akyab","India (British Burma)",1878,65,47
"WA-0125","BB1886","Burma Lock Hospital Report","Colonial Medical Annual Lock Hospital Report","British Burma Division","Moulmein","India (British Burma)",1878,49,38
"WA-0126","BB1886","Burma Lock Hospital Report","Colonial Medical Annual Lock Hospital Report","British Burma Division","Toungoo","India (British Burma)",1878,10,7
"WA-0127","BB1886","Burma Lock Hospital Report","Colonial Medical Annual Lock Hospital Report","British Burma Division","Rangoon","India (British Burma)",1880,476,241
"WA-0128","BB1886","Burma Lock Hospital Report","Colonial Medical Annual Lock Hospital Report","British Burma Division","Bassein","India (British Burma)",1880,32,16
"WA-0129","BB1886","Burma Lock Hospital Report","Colonial Medical Annual Lock Hospital Report","British Burma Division","Prome","India (British Burma)",1880,7,7
"WA-0130","BB1886","Burma Lock Hospital Report","Colonial Medical Annual Lock Hospital Report","British Burma Division","Thayetmyo","India (British Burma)",1880,28,24
"WA-0131","BB1886","Burma Lock Hospital Report","Colonial Medical Annual Lock Hospital Report","British Burma Division","Akyab","India (British Burma)",1880,45,38
"WA-0132","BB1886","Burma Lock Hospital Report","Colonial Medical Annual Lock Hospital Report","British Burma Division","Moulmein","India (British Burma)",1880,78,24
"WA-0133","BB1886","Burma Lock Hospital Report","Colonial Medical Annual Lock Hospital Report","British Burma Division","Toungoo","India (British Burma)",1880,15,17
"WA-0134","BB1886","Burma Lock Hospital Report","Colonial Medical Annual Lock Hospital Report","British Burma Division","Rangoon","India (British Burma)",1879,445,222
"WA-0135","BB1886","Burma Lock Hospital Report","Colonial Medical Annual Lock Hospital Report","British Burma Division","Thayetmyo","India (British Burma)",1879,19,25
"WA-0136","BB1886","Burma Lock Hospital Report","Colonial Medical Annual Lock Hospital Report","British Burma Division","Bassein","India (British Burma)",1879,22,36
"WA-0137","BB1886","Burma Lock Hospital Report","Colonial Medical Annual Lock Hospital Report","British Burma Division","Prome","India (British Burma)",1879,25,12
"WA-0138","BB1886","Burma Lock Hospital Report","Colonial Medical Annual Lock Hospital Report","British Burma Division","Moulmein","India (British Burma)",1879,54,42
"WA-0139","BB1886","Burma Lock Hospital Report","Colonial Medical Annual Lock Hospital Report","British Burma Division","Toungoo","India (British Burma)",1882,21,11
"WA-0140","BB1886","Burma Lock Hospital Report","Colonial Medical Annual Lock Hospital Report","British Burma Division","Moulmein","India (British Burma)",1882,63,28
"WA-0141","BB1886","Burma Lock Hospital Report","Colonial Medical Annual Lock Hospital Report","British Burma Division","Thayetmyo","India (British Burma)",1882,20,19
"WA-0142","BB1886","Burma Lock Hospital Report","Colonial Medical Annual Lock Hospital Report","British Burma Division","Bassein","India (British Burma)",1882,32,19
"WA-0143","BB1886","Burma Lock Hospital Report","Colonial Medical Annual Lock Hospital Report","British Burma Division","Prome","India (British Burma)",1882,13,2
"WA-0144","BB1886","Burma Lock Hospital Report","Colonial Medical Annual Lock Hospital Report","British Burma Division","Rangoon","India (British Burma)",1882,535,209
"WA-0145","BB1886","Burma Lock Hospital Report","Colonial Medical Annual Lock Hospital Report","British Burma Division","Rangoon","India (British Burma)",1883,NA,NA
"WA-0146","BB1886","Burma Lock Hospital Report","Colonial Medical Annual Lock Hospital Report","British Burma Division","Akyab","India (British Burma)",1883,NA,NA
"WA-0147","BB1886","Burma Lock Hospital Report","Colonial Medical Annual Lock Hospital Report","British Burma Division","Bassein","India (British Burma)",1883,NA,NA
"WA-0148","BB1886","Burma Lock Hospital Report","Colonial Medical Annual Lock Hospital Report","British Burma Division","Thayetmyo","India (British Burma)",1883,NA,NA
"WA-0149","BB1886","Burma Lock Hospital Report","Colonial Medical Annual Lock Hospital Report","British Burma Division","Moulmein","India (British Burma)",1883,NA,NA
"WA-0150","BB1886","Burma Lock Hospital Report","Colonial Medical Annual Lock Hospital Report","British Burma Division","Toungoo","India (British Burma)",1883,NA,NA
"WA-0151","BB1886","Burma Lock Hospital Report","Colonial Medical Annual Lock Hospital Report","British Burma Division","Rangoon","India (British Burma)",1884,466,200
"WA-0152","BB1886","Burma Lock Hospital Report","Colonial Medical Annual Lock Hospital Report","British Burma Division","Bassein","India (British Burma)",1884,26,19
"WA-0153","BB1886","Burma Lock Hospital Report","Colonial Medical Annual Lock Hospital Report","British Burma Division","Thayetmyo","India (British Burma)",1884,31,13
"WA-0154","BB1886","Burma Lock Hospital Report","Colonial Medical Annual Lock Hospital Report","British Burma Division","Akyab","India (British Burma)",1884,44,22
"WA-0155","BB1886","Burma Lock Hospital Report","Colonial Medical Annual Lock Hospital Report","British Burma Division","Moulmein","India (British Burma)",1884,61,11
"WA-0156","BB1886","Burma Lock Hospital Report","Colonial Medical Annual Lock Hospital Report","British Burma Division","Toungoo","India (British Burma)",1884,15,17
"WA-0157","BB1886","Burma Lock Hospital Report","Colonial Medical Annual Lock Hospital Report","British Burma Division","Rangoon","India (British Burma)",1885,363,219
"WA-0158","BB1886","Burma Lock Hospital Report","Colonial Medical Annual Lock Hospital Report","British Burma Division","Bassein","India (British Burma)",1885,23,19
"WA-0159","BB1886","Burma Lock Hospital Report","Colonial Medical Annual Lock Hospital Report","British Burma Division","Thayetmyo","India (British Burma)",1885,28,20
"WA-0160","BB1886","Burma Lock Hospital Report","Colonial Medical Annual Lock Hospital Report","British Burma Division","Akyab","India (British Burma)",1885,41,21
"WA-0161","BB1886","Burma Lock Hospital Report","Colonial Medical Annual Lock Hospital Report","British Burma Division","Toungoo","India (British Burma)",1885,18,24
"WA-0162","BB1886","Burma Lock Hospital Report","Colonial Medical Annual Lock Hospital Report","British Burma Division","Rangoon","India (British Burma)",1886,392,257
"WA-0163","BB1886","Burma Lock Hospital Report","Colonial Medical Annual Lock Hospital Report","British Burma Division","Bassein","India (British Burma)",1886,25,17
"WA-0164","BB1886","Burma Lock Hospital Report","Colonial Medical Annual Lock Hospital Report","British Burma Division","Thayetmyo","India (British Burma)",1886,29,25
"WA-0165","BB1886","Burma Lock Hospital Report","Colonial Medical Annual Lock Hospital Report","British Burma Division","Akyab","India (British Burma)",1886,41,21
"WA-0166","BB1886","Burma Lock Hospital Report","Colonial Medical Annual Lock Hospital Report","British Burma Division","Toungoo","India (British Burma)+G143",1886,18,22
"WA-0167","BB1886","Burma Lock Hospitals Report","Colonial Medical Annual Lock Hospital Report","British Burma Division","Rangoon","India (British Burma)",1873,322,232
"WA-0168","BB1886","Burma Lock Hospitals Report","Colonial Medical Annual Lock Hospital Report","British Burma Division","Bassein","India (British Burma)",1873,9,10
"WA-0169","BB1886","Burma Lock Hospitals Report","Colonial Medical Annual Lock Hospital Report","British Burma Division","Prome","India (British Burma)",1873,46,26
"WA-0170","BB1886","Burma Lock Hospitals Report","Colonial Medical Annual Lock Hospital Report","British Burma Division","Thayetmyo","India (British Burma)",1873,16,9
"WA-0171","BB1886","Burma Lock Hospitals Report","Colonial Medical Annual Lock Hospital Report","British Burma Division","Akyab","India (British Burma)",1873,50,18
"WA-0172","BB1886","Burma Lock Hospitals Report","Colonial Medical Annual Lock Hospital Report","British Burma Division","Moulmein","India (British Burma)",1873,88,62
"WA-0173","MD1876","Madras Lock Hospital Reports","Colonial Medical Annual Lock Hospital Report","Madras Presidency","Madras","British India",1876,NA,NA
"WA-0174","MD1876","Madras Lock Hospital Reports","Colonial Medical Annual Lock Hospital Report","Madras Presidency","Rangoon","India (British Burma)",1876,NA,NA
"WA-0175","MD1876","Madras Lock Hospital Reports","Colonial Medical Annual Lock Hospital Report","Madras Presidency","Thayetmyo","India (British Burma)",1876,NA,NA
"WA-0176","MD1876","Madras Lock Hospital Reports","Colonial Medical Annual Lock Hospital Report","Madras Presidency","Tonghoo","India (British Burma)",1876,NA,NA
"WA-0177","MD1876","Madras Lock Hospital Reports","Colonial Medical Annual Lock Hospital Report","Madras Presidency","Bangalore","British India",1877,NA,82
"WA-0178","MD1876","Madras Lock Hospital Reports","Colonial Medical Annual Lock Hospital Report","Madras Presidency","Bellary","British India",1877,NA,99
"WA-0179","MD1876","Madras Lock Hospital Reports","Colonial Medical Annual Lock Hospital Report","Madras Presidency","Cannanore","British India",1877,49,NA
"WA-0180","MD1876","Madras Lock Hospital Reports","Colonial Medical Annual Lock Hospital Report","Madras Presidency","Kamptee","British India",1877,NA,28
"WA-0181","MD1876","Madras Lock Hospital Reports","Colonial Medical Annual Lock Hospital Report","Madras Presidency","Madras","British India",1877,NA,NA
"WA-0182","MD1876","Madras Lock Hospital Reports","Colonial Medical Annual Lock Hospital Report","Madras Presidency","Rangoon","India (British Burma)",1877,NA,239
"WA-0183","MD1876","Madras Lock Hospital Reports","Colonial Medical Annual Lock Hospital Report","Madras Presidency","St. Thomas' Mount","British India",1877,NA,NA
"WA-0184","MD1876","Madras Lock Hospital Reports","Colonial Medical Annual Lock Hospital Report","Madras Presidency","Secunderabad","British India",1877,NA,NA
"WA-0185","MD1876","Madras Lock Hospital Reports","Colonial Medical Annual Lock Hospital Report","Madras Presidency","Seetabuldee","British India",1877,NA,NA
"WA-0186","MD1876","Madras Lock Hospital Reports","Colonial Medical Annual Lock Hospital Report","Madras Presidency","Trichinopoly","British India",1877,NA,NA
"WA-0187","MD1876","Madras Lock Hospital Reports","Colonial Medical Annual Lock Hospital Report","Madras Presidency","Wellington","British India",1877,NA,NA
"WA-0188","MD1876","Madras Lock Hospital Reports","Colonial Medical Annual Lock Hospital Report","Madras Presidency","Thayetmyo","India (British Burma)",1877,NA,NA
"WA-0189","MD1876","Madras Lock Hospital Reports","Colonial Medical Annual Lock Hospital Report","Madras Presidency","Tonghoo","India (British Burma)",1877,NA,NA
"WA-0190","MD1876","Madras Lock Hospital Reports","Colonial Medical Annual Lock Hospital Report","Madras Presidency","Bangalore","British India",1878,NA,64
"WA-0191","MD1876","Madras Lock Hospital Reports","Colonial Medical Annual Lock Hospital Report","Madras Presidency","Bellary","British India",1878,NA,93
"WA-0192","MD1876","Madras Lock Hospital Reports","Colonial Medical Annual Lock Hospital Report","Madras Presidency","Cannanore","British India",1878,NA,14
"WA-0193","MD1876","Madras Lock Hospital Reports","Colonial Medical Annual Lock Hospital Report","Madras Presidency","Kamptee","British India",1878,NA,33
"WA-0194","MD1876","Madras Lock Hospital Reports","Colonial Medical Annual Lock Hospital Report","Madras Presidency","Madras","British India",1878,NA,NA
"WA-0195","MD1876","Madras Lock Hospital Reports","Colonial Medical Annual Lock Hospital Report","Madras Presidency","Rangoon","India (British Burma)",1878,NA,207
"WA-0196","MD1876","Madras Lock Hospital Reports","Colonial Medical Annual Lock Hospital Report","Madras Presidency","St. Thomas' Mount","British India",1878,NA,NA
"WA-0197","MD1876","Madras Lock Hospital Reports","Colonial Medical Annual Lock Hospital Report","Madras Presidency","Secunderabad","British India",1878,NA,NA
"WA-0198","MD1876","Madras Lock Hospital Reports","Colonial Medical Annual Lock Hospital Report","Madras Presidency","Seetabuldee","British India",1878,NA,NA
"WA-0199","MD1876","Madras Lock Hospital Reports","Colonial Medical Annual Lock Hospital Report","Madras Presidency","Trichinopoly","British India",1878,NA,NA
"WA-0200","MD1876","Madras Lock Hospital Reports","Colonial Medical Annual Lock Hospital Report","Madras Presidency","Wellington","British India",1878,NA,NA
"WA-0201","MD1876","Madras Lock Hospital Reports","Colonial Medical Annual Lock Hospital Report","Madras Presidency","Thayetmyo","India (British Burma)",1878,NA,NA
"WA-0202","MD1876","Madras Lock Hospital Reports","Colonial Medical Annual Lock Hospital Report","Madras Presidency","Tonghoo","India (British Burma)",1878,NA,NA
"WA-0203","MD1876","Madras Lock Hospital Reports","Colonial Medical Annual Lock Hospital Report","Madras Presidency","Bangalore","British India",1879,NA,70
"WA-0204","MD1876","Madras Lock Hospital Reports","Colonial Medical Annual Lock Hospital Report","Madras Presidency","Bellary","British India",1879,NA,88
"WA-0205","MD1876","Madras Lock Hospital Reports","Colonial Medical Annual Lock Hospital Report","Madras Presidency","Cannanore","British India",1879,NA,NA
"WA-0206","MD1876","Madras Lock Hospital Reports","Colonial Medical Annual Lock Hospital Report","Madras Presidency","Kamptee","British India",1879,NA,31
"WA-0207","MD1876","Madras Lock Hospital Reports","Colonial Medical Annual Lock Hospital Report","Madras Presidency","Madras","British India",1879,NA,NA
"WA-0208","MD1876","Madras Lock Hospital Reports","Colonial Medical Annual Lock Hospital Report","Madras Presidency","Rangoon","India (British Burma)",1879,NA,215
"WA-0209","MD1876","Madras Lock Hospital Reports","Colonial Medical Annual Lock Hospital Report","Madras Presidency","St. Thomas' Mount","British India",1879,NA,NA
"WA-0210","MD1876","Madras Lock Hospital Reports","Colonial Medical Annual Lock Hospital Report","Madras Presidency","Secunderabad","British India",1879,NA,NA
"WA-0211","MD1876","Madras Lock Hospital Reports","Colonial Medical Annual Lock Hospital Report","Madras Presidency","Seetabuldee","British India",1879,NA,NA
"WA-0212","MD1876","Madras Lock Hospital Reports","Colonial Medical Annual Lock Hospital Report","Madras Presidency","Trichinopoly","British India",1879,NA,NA
"WA-0213","MD1876","Madras Lock Hospital Reports","Colonial Medical Annual Lock Hospital Report","Madras Presidency","Wellington","British India",1879,NA,NA
"WA-0214","MD1876","Madras Lock Hospital Reports","Colonial Medical Annual Lock Hospital Report","Madras Presidency","Thayetmyo","India (British Burma)",1879,NA,NA
"WA-0215","MD1876","Madras Lock Hospital Reports","Colonial Medical Annual Lock Hospital Report","Madras Presidency","Tonghoo","India (British Burma)",1879,NA,NA
"WA-0216","MD1876","Madras Lock Hospital Reports","Colonial Medical Annual Lock Hospital Report","Madras Presidency","Cannanore","British India",1880,55,20
"WA-0217","MD1876","Madras Lock Hospital Reports","Colonial Medical Annual Lock Hospital Report","Madras Presidency","Bellary","British India",1880,NA,NA
"WA-0218","MD1876","Madras Lock Hospital Reports","Colonial Medical Annual Lock Hospital Report","Madras Presidency","St. Thomas' Mount","British India",1880,NA,NA
"WA-0219","MD1876","Madras Lock Hospital Reports","Colonial Medical Annual Lock Hospital Report","Madras Presidency","Bangalore","British India",1880,NA,NA
"WA-0220","MD1876","Madras Lock Hospital Reports","Colonial Medical Annual Lock Hospital Report","Madras Presidency","Kamptee","British India",1880,NA,NA
"WA-0221","MD1876","Madras Lock Hospital Reports","Colonial Medical Annual Lock Hospital Report","Madras Presidency","Trichinopoly","British India",1880,NA,NA
"WA-0222","MD1876","Madras Lock Hospital Reports","Colonial Medical Annual Lock Hospital Report","Madras Presidency","Wellington","British India",1880,NA,NA
"WA-0223","MD1876","Madras Lock Hospital Reports","Colonial Medical Annual Lock Hospital Report","Madras Presidency","Madras","British India",1880,NA,NA
"WA-0224","MD1876","Madras Lock Hospital Reports","Colonial Medical Annual Lock Hospital Report","Madras Presidency","Secunderabad","British India",1880,NA,NA
"WA-0225","MD1876","Madras Lock Hospital Reports","Colonial Medical Annual Lock Hospital Report","Madras Presidency","Rangoon","India (British Burma)",1880,NA,NA
"WA-0226","MD1876","Madras Lock Hospital Reports","Colonial Medical Annual Lock Hospital Report","Madras Presidency","Bangalore","British India",1881,NA,NA
"WA-0227","MD1876","Madras Lock Hospital Reports","Colonial Medical Annual Lock Hospital Report","Madras Presidency","Bellary","British India",1881,NA,NA
"WA-0228","MD1876","Madras Lock Hospital Reports","Colonial Medical Annual Lock Hospital Report","Madras Presidency","Cannanore","British India",1881,NA,NA
"WA-0229","MD1876","Madras Lock Hospital Reports","Colonial Medical Annual Lock Hospital Report","Madras Presidency","Kamptee","British India",1881,NA,NA
"WA-0230","MD1876","Madras Lock Hospital Reports","Colonial Medical Annual Lock Hospital Report","Madras Presidency","St. Thomas' Mount","British India",1881,NA,NA
"WA-0231","MD1876","Madras Lock Hospital Reports","Colonial Medical Annual Lock Hospital Report","Madras Presidency","Secunderabad","British India",1881,NA,NA
"WA-0232","MD1876","Madras Lock Hospital Reports","Colonial Medical Annual Lock Hospital Report","Madras Presidency","Wellington","British India",1881,NA,NA
"WA-0233","MD1876","Madras Lock Hospital Reports","Colonial Medical Annual Lock Hospital Report","Madras Presidency","Bangalore","British India",1882,85,18
"WA-0234","MD1876","Madras Lock Hospital Reports","Colonial Medical Annual Lock Hospital Report","Madras Presidency","Bellary","British India",1882,75,27
"WA-0235","MD1876","Madras Lock Hospital Reports","Colonial Medical Annual Lock Hospital Report","Madras Presidency","Cannanore","British India",1882,33,19
"WA-0236","MD1876","Madras Lock Hospital Reports","Colonial Medical Annual Lock Hospital Report","Madras Presidency","Kamptee","British India",1882,58,1
"WA-0237","MD1876","Madras Lock Hospital Reports","Colonial Medical Annual Lock Hospital Report","Madras Presidency","St. Thomas' Mount","British India",1882,NA,NA
"WA-0238","MD1876","Madras Lock Hospital Reports","Colonial Medical Annual Lock Hospital Report","Madras Presidency","Secunderabad","British India",1882,NA,NA
"WA-0239","MD1876","Madras Lock Hospital Reports","Colonial Medical Annual Lock Hospital Report","Madras Presidency","Wellington","British India",1882,NA,NA
"WA-0240","MD1876","Madras Lock Hospital Reports","Colonial Medical Annual Lock Hospital Report","Madras Presidency","Rangoon","India (British Burma)",1882,NA,NA
"WA-0241","MD1876","Madras Lock Hospital Reports","Colonial Medical Annual Lock Hospital Report","Madras Presidency","Madras","British India",1882,NA,NA
"WA-0242","MD1876","Madras Lock Hospital Reports","Colonial Medical Annual Lock Hospital Report","Madras Presidency","Bangalore","British India",1883,NA,NA
"WA-0243","MD1876","Madras Lock Hospital Reports","Colonial Medical Annual Lock Hospital Report","Madras Presidency","Bellary","British India",1883,NA,NA
"WA-0244","MD1876","Madras Lock Hospital Reports","Colonial Medical Annual Lock Hospital Report","Madras Presidency","Cannanore","British India",1883,NA,NA
"WA-0245","MD1876","Madras Lock Hospital Reports","Colonial Medical Annual Lock Hospital Report","Madras Presidency","Kamptee","British India",1883,NA,NA
"WA-0246","MD1876","Madras Lock Hospital Reports","Colonial Medical Annual Lock Hospital Report","Madras Presidency","St. Thomas' Mount","British India",1883,NA,NA
"WA-0247","MD1876","Madras Lock Hospital Reports","Colonial Medical Annual Lock Hospital Report","Madras Presidency","Secunderabad","British India",1883,NA,NA
"WA-0248","MD1876","Madras Lock Hospital Reports","Colonial Medical Annual Lock Hospital Report","Madras Presidency","Wellington","British India",1883,NA,NA
"WA-0249","MD1876","Madras Lock Hospital Reports","Colonial Medical Annual Lock Hospital Report","Madras Presidency","Madras","British India",1883,NA,NA
"WA-0250","MD1876","Madras Lock Hospital Reports","Colonial Medical Annual Lock Hospital Report","Madras Presidency","Rangoon","India (British Burma)",1883,NA,NA
"WA-0251","MD1876","Madras Lock Hospital Reports","Colonial Medical Annual Lock Hospital Report","Madras Presidency","Bangalore","British India",1884,NA,NA
"WA-0252","MD1876","Madras Lock Hospital Reports","Colonial Medical Annual Lock Hospital Report","Madras Presidency","Bellary","British India",1884,NA,NA
"WA-0253","MD1876","Madras Lock Hospital Reports","Colonial Medical Annual Lock Hospital Report","Madras Presidency","Cannanore","British India",1884,NA,NA
"WA-0254","MD1876","Madras Lock Hospital Reports","Colonial Medical Annual Lock Hospital Report","Madras Presidency","Kamptee","British India",1884,NA,NA
"WA-0255","MD1876","Madras Lock Hospital Reports","Colonial Medical Annual Lock Hospital Report","Madras Presidency","St. Thomas' Mount","British India",1884,NA,NA
"WA-0256","MD1876","Madras Lock Hospital Reports","Colonial Medical Annual Lock Hospital Report","Madras Presidency","Secunderabad","British India",1884,NA,NA
"WA-0257","MD1876","Madras Lock Hospital Reports","Colonial Medical Annual Lock Hospital Report","Madras Presidency","Wellington","British India",1884,NA,NA
"WA-0258","MD1876","Madras Lock Hospital Reports","Colonial Medical Annual Lock Hospital Report","Madras Presidency","Madras","British India",1884,NA,NA
"WA-0259","MD1876","Madras Lock Hospital Reports","Colonial Medical Annual Lock Hospital Report","Madras Presidency","Rangoon","India (British Burma)",1884,NA,NA
"WA-0260","MD1876","Madras Lock Hospital Reports","Colonial Medical Annual Lock Hospital Report","Madras Presidency","Bangalore","British India",1885,NA,NA
"WA-0261","MD1876","Madras Lock Hospital Reports","Colonial Medical Annual Lock Hospital Report","Madras Presidency","Bellary","British India",1885,NA,NA
"WA-0262","MD1876","Madras Lock Hospital Reports","Colonial Medical Annual Lock Hospital Report","Madras Presidency","Cannanore","British India",1885,NA,NA
"WA-0263","MD1876","Madras Lock Hospital Reports","Colonial Medical Annual Lock Hospital Report","Madras Presidency","Kamptee","British India",1885,NA,NA
"WA-0264","MD1876","Madras Lock Hospital Reports","Colonial Medical Annual Lock Hospital Report","Madras Presidency","St. Thomas' Mount","British India",1885,NA,NA
"WA-0265","MD1876","Madras Lock Hospital Reports","Colonial Medical Annual Lock Hospital Report","Madras Presidency","Secunderabad","British India",1885,NA,NA
"WA-0266","MD1876","Madras Lock Hospital Reports","Colonial Medical Annual Lock Hospital Report","Madras Presidency","Wellington","British India",1885,NA,NA
"WA-0267","MD1876","Madras Lock Hospital Reports","Colonial Medical Annual Lock Hospital Report","Madras Presidency","Madras","British India",1885,NA,NA
"WA-0268","MD1876","Madras Lock Hospital Reports","Colonial Medical Annual Lock Hospital Report","Madras Presidency","Rangoon","India (British Burma)",1885,NA,NA
"WA-0269","MD1876","Madras Lock Hospital Reports","Colonial Medical Annual Lock Hospital Report","Madras Presidency","Bangalore","British India",1886,NA,NA
"WA-0270","MD1876","Madras Lock Hospital Reports","Colonial Medical Annual Lock Hospital Report","Madras Presidency","Bellary","British India",1886,NA,NA
"WA-0271","MD1876","Madras Lock Hospital Reports","Colonial Medical Annual Lock Hospital Report","Madras Presidency","Belgaum","British India",1886,NA,NA
"WA-0272","MD1876","Madras Lock Hospital Reports","Colonial Medical Annual Lock Hospital Report","Madras Presidency","Cannanore","British India",1886,NA,NA
"WA-0273","MD1876","Madras Lock Hospital Reports","Colonial Medical Annual Lock Hospital Report","Madras Presidency","Kamptee","British India",1886,NA,NA
"WA-0274","MD1876","Madras Lock Hospital Reports","Colonial Medical Annual Lock Hospital Report","Madras Presidency","St. Thomas' Mount (Pallavaram & Poonamallee)","British India",1886,NA,5
"WA-0275","MD1876","Madras Lock Hospital Reports","Colonial Medical Annual Lock Hospital Report","Madras Presidency","Secunderabad","British India",1886,NA,NA
"WA-0276","MD1876","Madras Lock Hospital Reports","Colonial Medical Annual Lock Hospital Report","Madras Presidency","Wellington","British India",1886,NA,NA
"WA-0277","MD1876","Madras Lock Hospital Reports","Colonial Medical Annual Lock Hospital Report","Madras Presidency","Bangalore","British India",1887,NA,NA
"WA-0278","MD1876","Madras Lock Hospital Reports","Colonial Medical Annual Lock Hospital Report","Madras Presidency","Bellary","British India",1887,NA,NA
"WA-0279","MD1876","Madras Lock Hospital Reports","Colonial Medical Annual Lock Hospital Report","Madras Presidency","Belgaum","British India",1887,NA,NA
"WA-0280","MD1876","Madras Lock Hospital Reports","Colonial Medical Annual Lock Hospital Report","Madras Presidency","Cannanore","British India",1887,NA,NA
"WA-0281","MD1876","Madras Lock Hospital Reports","Colonial Medical Annual Lock Hospital Report","Madras Presidency","Kamptee","British India",1887,NA,NA
"WA-0282","MD1876","Madras Lock Hospital Reports","Colonial Medical Annual Lock Hospital Report","Madras Presidency","St. Thomas' Mount","British India",1887,NA,NA
"WA-0283","MD1876","Madras Lock Hospital Reports","Colonial Medical Annual Lock Hospital Report","Madras Presidency","Secunderabad","British India",1887,NA,NA
"WA-0284","MD1876","Madras Lock Hospital Reports","Colonial Medical Annual Lock Hospital Report","Madras Presidency","Wellington","British India",1887,NA,NA
"WA-0285","MD1876","Madras Lock Hospital Reports","Colonial Medical Annual Lock Hospital Report","Madras Presidency","Madras","British India",1887,NA,NA
"WA-0286","MD1876","Madras Lock Hospital Reports","Colonial Medical Annual Lock Hospital Report","Madras Presidency","Rangoon","India (British Burma)",1887,NA,NA
"WA-0287","MD1876","Madras Lock Hospital Reports","Colonial Medical Annual Lock Hospital Report","Madras Presidency","Bangalore","British India",1888,NA,NA
"WA-0288","MD1876","Madras Lock Hospital Reports","Colonial Medical Annual Lock Hospital Report","Madras Presidency","Bellary","British India",1888,NA,NA
"WA-0289","MD1876","Madras Lock Hospital Reports","Colonial Medical Annual Lock Hospital Report","Madras Presidency","Belgaum","British India",1888,NA,NA
"WA-0290","MD1876","Madras Lock Hospital Reports","Colonial Medical Annual Lock Hospital Report","Madras Presidency","Cannanore","British India",1888,NA,NA
"WA-0291","MD1876","Madras Lock Hospital Reports","Colonial Medical Annual Lock Hospital Report","Madras Presidency","Kamptee","British India",1888,NA,NA
"WA-0292","MD1876","Madras Lock Hospital Reports","Colonial Medical Annual Lock Hospital Report","Madras Presidency","St. Thomas' Mount","British India",1888,NA,NA
"WA-0293","MD1876","Madras Lock Hospital Reports","Colonial Medical Annual Lock Hospital Report","Madras Presidency","Secunderabad","British India",1888,NA,NA
"WA-0294","MD1876","Madras Lock Hospital Reports","Colonial Medical Annual Lock Hospital Report","Madras Presidency","Wellington","British India",1888,NA,NA
"WA-0295","MD1876","Madras Lock Hospital Reports","Colonial Medical Annual Lock Hospital Report","Madras Presidency","Madras","British India",1888,NA,NA
"WA-0296","MD1876","Madras Lock Hospital Reports","Colonial Medical Annual Lock Hospital Report","Madras Presidency","Rangoon","India (British Burma)",1888,NA,NA
"WA-0297","MD1876","Madras Lock Hospital Reports","Colonial Medical Annual Lock Hospital Report","Madras Presidency","Bangalore","British India",1889,NA,NA
"WA-0298","MD1876","Madras Lock Hospital Reports","Colonial Medical Annual Lock Hospital Report","Madras Presidency","Bellary","British India",1889,NA,NA
"WA-0299","MD1876","Madras Lock Hospital Reports","Colonial Medical Annual Lock Hospital Report","Madras Presidency","Belgaum","British India",1889,NA,NA
"WA-0300","MD1876","Madras Lock Hospital Reports","Colonial Medical Annual Lock Hospital Report","Madras Presidency","Cannanore","British India",1889,NA,NA
"WA-0301","MD1876","Madras Lock Hospital Reports","Colonial Medical Annual Lock Hospital Report","Madras Presidency","Kamptee","British India",1889,NA,NA
"WA-0302","MD1876","Madras Lock Hospital Reports","Colonial Medical Annual Lock Hospital Report","Madras Presidency","St. Thomas' Mount","British India",1889,NA,NA
"WA-0303","MD1876","Madras Lock Hospital Reports","Colonial Medical Annual Lock Hospital Report","Madras Presidency","Secunderabad","British India",1889,NA,NA
"WA-0304","MD1876","Madras Lock Hospital Reports","Colonial Medical Annual Lock Hospital Report","Madras Presidency","Wellington","British India",1889,NA,NA
"WA-0305","MD1876","Madras Lock Hospital Reports","Colonial Medical Annual Lock Hospital Report","Madras Presidency","Madras","British India",1889,NA,NA
"WA-0306","MD1876","Madras Lock Hospital Reports","Colonial Medical Annual Lock Hospital Report","Madras Presidency","Rangoon","India (British Burma)",1889,NA,NA
