"unique_id","doc_id","source_name","source_type","region","station","country","year","women_start_register","women_added","women_removed","women_end_register","avg_registered","non_attendance_cases","fined_count","imprisonment_count","disease_primary_syphilis","disease_secondary_syphilis","disease_gonorrhoea","disease_leucorrhoea","discharges","deaths","Total","side_notes","link","new_doc_id"
"WA-0001","NLS-CP-1877","Annual report of the working of the lock-hospitals in the  Cental Provinces","Colonial Medical Annual Lock Hospital Report","Central Provinces","Kamptee","British India",1876,NA,NA,NA,NA,NA,NA,NA,NA,NA,NA,NA,NA,NA,NA,72,NA,NA,"CP1876"
"WA-0002","NLS-CP-1877","Annual report of the working of the lock-hospitals in the  Cental Provinces","Colonial Medical Annual Lock Hospital Report","Central Provinces","Sitabaldi (Nagpur)","British India",1877,16,3,4,15,15.9,78,NA,NA,2,0,0,0,56,0,NA,NA,"https://digital.nls.uk/","CP1877"
"WA-0003","NLS-CP-1877","Annual report of the working of the lock-hospitals in the  Cental Provinces","Colonial Medical Annual Lock Hospital Report","Central Provinces","Kamptee","British India",1877,65,13,28,50,74.3,92,32,1,50,109,2,2,156,0,NA,NA,"https://digital.nls.uk/","CP1877"
"WA-0004","NLS-CP-1877","Annual report of the working of the lock-hospitals in the  Cental Provinces","Colonial Medical Annual Lock Hospital Report","Central Provinces","Saugor","British India",1879,67,18,26,59,NA,19,NA,NA,NA,NA,NA,NA,171,0,NA,NA,"https://digital.nls.uk/","CP1879"
"WA-0005","NWPO-1878","Fifth annual report of the working of the lock-hospitals in the North-Western Provinces and Oudh","Colonial Medical Annual Lock Hospital Report","North-Western Provinces & Oudh","Allahabad","British India",1878,NA,NA,NA,NA,NA,NA,NA,NA,NA,NA,NA,NA,NA,NA,NA,NA,"https://digital.nls.uk/","NWPO1878"
"WA-0006","NWPO-1878","Fifth annual report of the working of the lock-hospitals in the North-Western Provinces and Oudh","Colonial Medical Annual Lock Hospital Report","North-Western Provinces & Oudh","Cawnpore","British India",1878,NA,NA,NA,NA,NA,NA,NA,NA,NA,NA,NA,NA,NA,NA,NA,NA,"https://digital.nls.uk/","NWPO1878"
"WA-0007","NWPO-1878","Fifth annual report of the working of the lock-hospitals in the North-Western Provinces and Oudh","Colonial Medical Annual Lock Hospital Report","North-Western Provinces & Oudh","Lucknow","British India",1878,NA,NA,NA,NA,NA,NA,NA,NA,NA,NA,NA,NA,NA,NA,NA,NA,"https://digital.nls.uk/","NWPO1878"
"WA-0008","NWPO-1878","Fifth annual report of the working of the lock-hospitals in the North-Western Provinces and Oudh","Colonial Medical Annual Lock Hospital Report","North-Western Provinces & Oudh","Meerut","British India",1878,NA,NA,NA,NA,NA,NA,NA,NA,NA,NA,NA,NA,NA,NA,NA,NA,"https://digital.nls.uk/","NWPO1878"
"WA-0009","NWPO-1878","Fifth annual report of the working of the lock-hospitals in the North-Western Provinces and Oudh","Colonial Medical Annual Lock Hospital Report","North-Western Provinces & Oudh","Agra","British India",1878,NA,NA,NA,NA,NA,NA,NA,NA,NA,NA,NA,NA,NA,NA,NA,NA,"https://digital.nls.uk/","NWPO1878"
"WA-0010","NWPO-1878","Fifth annual report of the working of the lock-hospitals in the North-Western Provinces and Oudh","Colonial Medical Annual Lock Hospital Report","North-Western Provinces & Oudh","Bareilly","British India",1878,NA,NA,NA,NA,NA,NA,NA,NA,NA,NA,NA,NA,NA,NA,NA,NA,"https://digital.nls.uk/","NWPO1878"
"WA-0011","NWPO-1878","Fifth annual report of the working of the lock-hospitals in the North-Western Provinces and Oudh","Colonial Medical Annual Lock Hospital Report","North-Western Provinces & Oudh","Benares","British India",1878,NA,NA,NA,NA,NA,NA,NA,NA,NA,NA,NA,NA,NA,NA,NA,NA,"https://digital.nls.uk/","NWPO1878"
"WA-0012","NWPO-1878","Fifth annual report of the working of the lock-hospitals in the North-Western Provinces and Oudh","Colonial Medical Annual Lock Hospital Report","North-Western Provinces & Oudh","Moradabad","British India",1878,NA,NA,NA,NA,NA,NA,NA,NA,NA,NA,NA,NA,NA,NA,NA,NA,"https://digital.nls.uk/","NWPO1878"
"WA-0013","NWPO-1878","Fifth annual report of the working of the lock-hospitals in the North-Western Provinces and Oudh","Colonial Medical Annual Lock Hospital Report","North-Western Provinces & Oudh","Naini Tal","British India",1878,NA,NA,NA,NA,NA,NA,NA,NA,NA,NA,NA,NA,NA,NA,NA,NA,"https://digital.nls.uk/","NWPO1878"
"WA-0014","NWPO-1878","Fifth annual report of the working of the lock-hospitals in the North-Western Provinces and Oudh","Colonial Medical Annual Lock Hospital Report","North-Western Provinces & Oudh","Fyzabad","British India",1878,NA,NA,NA,NA,NA,NA,NA,NA,NA,NA,NA,NA,NA,NA,NA,NA,"https://digital.nls.uk/","NWPO1878"
"WA-0015","NWPO-1878","Fifth annual report of the working of the lock-hospitals in the North-Western Provinces and Oudh","Colonial Medical Annual Lock Hospital Report","North-Western Provinces & Oudh","Shahjahanpur","British India",1878,NA,NA,NA,NA,NA,NA,NA,NA,NA,NA,NA,NA,NA,NA,NA,NA,"https://digital.nls.uk/","NWPO1878"
"WA-0016","NWPO-1878","Fifth annual report of the working of the lock-hospitals in the North-Western Provinces and Oudh","Colonial Medical Annual Lock Hospital Report","North-Western Provinces & Oudh","Sitapur","British India",1878,NA,NA,NA,NA,NA,NA,NA,NA,NA,NA,NA,NA,NA,NA,NA,NA,"https://digital.nls.uk/","NWPO1878"
"WA-0017","NWPO-1878","Fifth annual report of the working of the lock-hospitals in the North-Western Provinces and Oudh","Colonial Medical Annual Lock Hospital Report","North-Western Provinces & Oudh","Roorkee","British India",1878,NA,NA,NA,NA,NA,NA,NA,NA,NA,NA,NA,NA,NA,NA,NA,NA,"https://digital.nls.uk/","NWPO1878"
"WA-0018","NWPO-1878","Fifth annual report of the working of the lock-hospitals in the North-Western Provinces and Oudh","Colonial Medical Annual Lock Hospital Report","North-Western Provinces & Oudh","Jhansi","British India",1878,NA,NA,NA,NA,NA,NA,NA,NA,NA,NA,NA,NA,NA,NA,NA,NA,"https://digital.nls.uk/","NWPO1878"
"WA-0019","NWPO-1878","Fifth annual report of the working of the lock-hospitals in the North-Western Provinces and Oudh","Colonial Medical Annual Lock Hospital Report","North-Western Provinces & Oudh","Muttra","British India",1878,NA,NA,NA,NA,NA,NA,NA,NA,NA,NA,NA,NA,NA,NA,NA,NA,"https://digital.nls.uk/","NWPO1878"
"WA-0020","NWPO-1878","Fifth annual report of the working of the lock-hospitals in the North-Western Provinces and Oudh","Colonial Medical Annual Lock Hospital Report","North-Western Provinces & Oudh","Chakrata","British India",1878,NA,NA,NA,NA,NA,NA,NA,NA,NA,NA,NA,NA,NA,NA,NA,NA,"https://digital.nls.uk/","NWPO1878"
"WA-0021","NWPO-1878","Fifth annual report of the working of the lock-hospitals in the North-Western Provinces and Oudh","Colonial Medical Annual Lock Hospital Report","North-Western Provinces & Oudh","Allahabad","British India",1879,170,86,123,133,NA,487,12,294,193,206,294,NA,306,7,NA,NA,"https://digital.nls.uk/","NWPO1879"
"WA-0022","NWPO-1878","Fifth annual report of the working of the lock-hospitals in the North-Western Provinces and Oudh","Colonial Medical Annual Lock Hospital Report","North-Western Provinces & Oudh","Lucknow","British India",1879,329,52,107,274,NA,659,20,470,229,292,470,NA,599,5,NA,NA,"https://digital.nls.uk/","NWPO1879"
"WA-0023","NWPO-1878","Fifth annual report of the working of the lock-hospitals in the North-Western Provinces and Oudh","Colonial Medical Annual Lock Hospital Report","North-Western Provinces & Oudh","Allahabad","British India",1879,NA,170,86,123,133,417,487,12,294,193,206,294,306,7,10,NA,"https://digital.nls.uk/","NWPO1879"
"WA-0024","NWPO-1878","Fifth annual report of the working of the lock-hospitals in the North-Western Provinces and Oudh","Colonial Medical Annual Lock Hospital Report","North-Western Provinces & Oudh","Lucknow","British India",1879,NA,329,52,107,274,575,659,20,470,229,292,470,599,5,7,NA,"https://digital.nls.uk/","NWPO1879"
"WA-0025","NWPO-1878","Fifth annual report of the working of the lock-hospitals in the North-Western Provinces and Oudh","Colonial Medical Annual Lock Hospital Report","North-Western Provinces & Oudh","Cawnpore","British India",1879,NA,245,53,85,213,560,822,25,360,220,249,360,249,10,2,NA,"https://digital.nls.uk/","NWPO1879"
"WA-0026","NWPO-1878","Fifth annual report of the working of the lock-hospitals in the North-Western Provinces and Oudh","Colonial Medical Annual Lock Hospital Report","North-Western Provinces & Oudh","Agra","British India",1879,NA,241,58,132,167,369,529,22,159,122,135,159,152,7,NA,NA,"https://digital.nls.uk/","NWPO1879"
"WA-0027","NWPO-1878","Fifth annual report of the working of the lock-hospitals in the North-Western Provinces and Oudh","Colonial Medical Annual Lock Hospital Report","North-Western Provinces & Oudh","Meerut","British India",1879,NA,179,54,109,126,173,269,16,69,129,135,69,132,2,NA,NA,"https://digital.nls.uk/","NWPO1879"
"WA-0028","NWPO-1878","Fifth annual report of the working of the lock-hospitals in the North-Western Provinces and Oudh","Colonial Medical Annual Lock Hospital Report","North-Western Provinces & Oudh","Bareilly","British India",1879,NA,109,54,97,66,303,497,23,110,203,229,110,229,5,NA,NA,"https://digital.nls.uk/","NWPO1879"
"WA-0029","NWPO-1878","Fifth annual report of the working of the lock-hospitals in the North-Western Provinces and Oudh","Colonial Medical Annual Lock Hospital Report","North-Western Provinces & Oudh","Fyzabad","British India",1879,NA,131,53,67,117,243,264,11,243,201,204,243,NA,204,NA,"9","https://digital.nls.uk/","NWPO1879"
"WA-0030","NWPO-1878","Fifth annual report of the working of the lock-hospitals in the North-Western Provinces and Oudh","Colonial Medical Annual Lock Hospital Report","North-Western Provinces & Oudh","Benares","British India",1879,NA,118,30,85,63,462,473,8,113,53,67,113,67,6,NA,NA,"https://digital.nls.uk/","NWPO1879"
"WA-0031","NWPO-1878","Fifth annual report of the working of the lock-hospitals in the North-Western Provinces and Oudh","Colonial Medical Annual Lock Hospital Report","North-Western Provinces & Oudh","Moradabad","British India",1879,NA,83,25,64,44,162,368,4,113,54,57,113,57,3,NA,NA,"https://digital.nls.uk/","NWPO1879"
"WA-0032","NWPO-1878","Fifth annual report of the working of the lock-hospitals in the North-Western Provinces and Oudh","Colonial Medical Annual Lock Hospital Report","North-Western Provinces & Oudh","Shahjahanpur","British India",1879,NA,72,23,35,60,185,245,5,113,54,57,113,57,3,NA,NA,"https://digital.nls.uk/","NWPO1879"
"WA-0049","PB1887","Punjab Lock Hospital Report","Colonial Medical Annual Lock Hospital Report","Punjab","Delhi","British India",1889,92,8,6,94,93,11,58,5,6,2,61,15,NA,NA,84,NA,"https://digital.nls.uk/","PB1889"
"WA-0050","PB1887","Punjab Lock Hospital Report","Colonial Medical Annual Lock Hospital Report","Punjab","Umballa","British India",1889,83,7,5,85,84,10,70,7,9,3,57,11,NA,NA,80,"Register 83. Weekly inspections continued. High fines and imprisonments. Gonorrhoea dominant.","https://digital.nls.uk/","PB1889"
"WA-0051","PB1887","Punjab Lock Hospital Report","Colonial Medical Annual Lock Hospital Report","Punjab","Dagshai","British India",1889,29,2,1,30,29,3,16,2,4,1,19,2,NA,NA,26,NA,"https://digital.nls.uk/","PB1889"
"WA-0052","PB1887","Punjab Lock Hospital Report","Colonial Medical Annual Lock Hospital Report","Punjab","Kasauli","British India",1889,4,0,1,3,4,1,3,1,0,0,2,1,NA,NA,3,NA,"https://digital.nls.uk/","PB1889"
"WA-0053","PB1887","Punjab Lock Hospital Report","Colonial Medical Annual Lock Hospital Report","Punjab","Subathu","British India",1889,NA,NA,NA,NA,NA,NA,NA,NA,NA,NA,NA,NA,NA,NA,NA,NA,"https://digital.nls.uk/","PB1889"
"WA-0054","PB1887","Punjab Lock Hospital Report","Colonial Medical Annual Lock Hospital Report","Punjab","Jullundur","British India",1889,NA,NA,NA,NA,NA,NA,NA,NA,NA,NA,NA,NA,NA,NA,NA,NA,"https://digital.nls.uk/","PB1889"
"WA-0055","PB1887","Punjab Lock Hospital Report","Colonial Medical Annual Lock Hospital Report","Punjab","Ferozepore","British India",1889,NA,NA,NA,NA,NA,NA,NA,NA,NA,NA,NA,NA,NA,NA,NA,NA,"https://digital.nls.uk/","PB1889"
"WA-0056","PB1887","Punjab Lock Hospital Report","Colonial Medical Annual Lock Hospital Report","Punjab","Meean Meer","British India",1889,NA,NA,NA,NA,NA,NA,NA,NA,NA,NA,NA,NA,NA,NA,NA,NA,"https://digital.nls.uk/","PB1889"
"WA-0057","PB1887","Punjab Lock Hospital Report","Colonial Medical Annual Lock Hospital Report","Punjab","Mooltan","British India",1889,NA,NA,NA,NA,NA,NA,NA,NA,NA,NA,NA,NA,NA,NA,NA,NA,"https://digital.nls.uk/","PB1889"
"WA-0058","PB1887","Punjab Lock Hospital Report","Colonial Medical Annual Lock Hospital Report","Punjab","Dalhousie","British India",1889,NA,NA,NA,NA,NA,NA,NA,NA,NA,NA,NA,NA,NA,NA,NA,NA,"https://digital.nls.uk/","PB1889"
"WA-0059","PB1887","Punjab Lock Hospital Report","Colonial Medical Annual Lock Hospital Report","Punjab","Sialkot","British India",1889,NA,NA,NA,NA,NA,NA,NA,NA,NA,NA,NA,NA,NA,NA,NA,NA,"https://digital.nls.uk/","PB1889"
"WA-0060","PB1887","Punjab Lock Hospital Report","Colonial Medical Annual Lock Hospital Report","Punjab","Rawalpindi","British India",1889,NA,NA,NA,NA,NA,NA,NA,NA,NA,NA,NA,NA,NA,NA,NA,NA,"https://digital.nls.uk/","PB1889"
"WA-0061","PB1887","Punjab Lock Hospital Report","Colonial Medical Annual Lock Hospital Report","Punjab","Attock","British India",1889,NA,NA,NA,NA,NA,NA,NA,NA,NA,NA,NA,NA,NA,NA,NA,NA,"https://digital.nls.uk/","PB1889"
"WA-0062","PB1887","Punjab Lock Hospital Report","Colonial Medical Annual Lock Hospital Report","Punjab","Murree","British India",1889,NA,NA,NA,NA,NA,NA,NA,NA,NA,NA,NA,NA,NA,NA,NA,NA,"https://digital.nls.uk/","PB1889"
"WA-0063","PB1887","Punjab Lock Hospital Report","Colonial Medical Annual Lock Hospital Report","Punjab","Peshawar","British India",1889,NA,NA,NA,NA,NA,NA,NA,NA,NA,NA,NA,NA,NA,NA,NA,NA,"https://digital.nls.uk/","PB1889"
"WA-0064","PB1887","Punjab Lock Hospital Report","Colonial Medical Annual Lock Hospital Report","Punjab","Naushahra","British India",1889,NA,NA,NA,NA,NA,NA,NA,NA,NA,NA,NA,NA,NA,NA,NA,NA,"https://digital.nls.uk/","PB1889"
"WA-0065","PB1887","Punjab Lock Hospital Report","Colonial Medical Annual Lock Hospital Report","Punjab","Delhi","British India",1888,95,10,5,100,98,12,60,6,7,3,62,14,NA,NA,86,"Register 95 at start, 100 by year-end. Average 98. Non-attendance 12. Fines and imprisonments frequent. Gonorrhoea dominant; syphilis present.","https://digital.nls.uk/","PB1888"
"WA-0066","PB1887","Punjab Lock Hospital Report","Colonial Medical Annual Lock Hospital Report","Punjab","Umballa","British India",1888,85,8,6,87,86,11,72,8,10,4,59,12,NA,NA,85,NA,"https://digital.nls.uk/","PB1888"
"WA-0067","PB1887","Punjab Lock Hospital Report","Colonial Medical Annual Lock Hospital Report","Punjab","Dagshai","British India",1888,28,2,1,29,28,4,18,3,5,1,18,3,NA,NA,27,"Small register (~28‚Äì30 women). High disease incidence relative to numbers. Subcommittee inactive.","https://digital.nls.uk/","PB1888"
"WA-0068","PB1887","Punjab Lock Hospital Report","Colonial Medical Annual Lock Hospital Report","Punjab","Kasauli","British India",1888,5,0,2,3,4,1,4,1,0,0,2,1,NA,NA,3,"Very small register (~3‚Äì5 women). Most left during year; only 3 remained. Diseases minor but hospital maintained.","https://digital.nls.uk/","PB1888"
"WA-0069","PB1887","Punjab Lock Hospital Report","Colonial Medical Annual Lock Hospital Report","Punjab","Subathu","British India",1888,NA,NA,NA,NA,NA,NA,NA,NA,NA,NA,NA,NA,NA,NA,NA,NA,"https://digital.nls.uk/","PB1888"
"WA-0070","PB1887","Punjab Lock Hospital Report","Colonial Medical Annual Lock Hospital Report","Punjab","Jullundur","British India",1888,NA,NA,NA,NA,NA,NA,NA,NA,NA,NA,NA,NA,NA,NA,NA,NA,"https://digital.nls.uk/","PB1888"
"WA-0071","PB1887","Punjab Lock Hospital Report","Colonial Medical Annual Lock Hospital Report","Punjab","Ferozepore","British India",1888,NA,NA,NA,NA,NA,NA,NA,NA,NA,NA,NA,NA,NA,NA,NA,NA,"https://digital.nls.uk/","PB1888"
"WA-0072","PB1887","Punjab Lock Hospital Report","Colonial Medical Annual Lock Hospital Report","Punjab","Meean Meer","British India",1888,NA,NA,NA,NA,NA,NA,NA,NA,NA,NA,NA,NA,NA,NA,NA,NA,"https://digital.nls.uk/","PB1888"
"WA-0073","PB1887","Punjab Lock Hospital Report","Colonial Medical Annual Lock Hospital Report","Punjab","Mooltan","British India",1888,NA,NA,NA,NA,NA,NA,NA,NA,NA,NA,NA,NA,NA,NA,NA,NA,"https://digital.nls.uk/","PB1888"
"WA-0074","PB1887","Punjab Lock Hospital Report","Colonial Medical Annual Lock Hospital Report","Punjab","Dalhousie","British India",1888,NA,NA,NA,NA,NA,NA,NA,NA,NA,NA,NA,NA,NA,NA,NA,NA,"https://digital.nls.uk/","PB1888"
"WA-0075","PB1887","Punjab Lock Hospital Report","Colonial Medical Annual Lock Hospital Report","Punjab","Sialkot","British India",1888,NA,NA,NA,NA,NA,NA,NA,NA,NA,NA,NA,NA,NA,NA,NA,NA,"https://digital.nls.uk/","PB1888"
"WA-0076","PB1887","Punjab Lock Hospital Report","Colonial Medical Annual Lock Hospital Report","Punjab","Rawalpindi","British India",1888,NA,NA,NA,NA,NA,NA,NA,NA,NA,NA,NA,NA,NA,NA,NA,NA,"https://digital.nls.uk/","PB1888"
"WA-0077","PB1887","Punjab Lock Hospital Report","Colonial Medical Annual Lock Hospital Report","Punjab","Attock","British India",1888,NA,NA,NA,NA,NA,NA,NA,NA,NA,NA,NA,NA,NA,NA,NA,NA,"https://digital.nls.uk/","PB1888"
"WA-0078","PB1887","Punjab Lock Hospital Report","Colonial Medical Annual Lock Hospital Report","Punjab","Murree","British India",1888,NA,NA,NA,NA,NA,NA,NA,NA,NA,NA,NA,NA,NA,NA,NA,NA,"https://digital.nls.uk/","PB1888"
"WA-0079","PB1887","Punjab Lock Hospital Report","Colonial Medical Annual Lock Hospital Report","Punjab","Peshawar","British India",1888,NA,NA,NA,NA,NA,NA,NA,NA,NA,NA,NA,NA,NA,NA,NA,NA,"https://digital.nls.uk/","PB1888"
"WA-0080","PB1887","Punjab Lock Hospital Report","Colonial Medical Annual Lock Hospital Report","Punjab","Naushahra","British India",1888,NA,NA,NA,NA,NA,NA,NA,NA,NA,NA,NA,NA,NA,NA,NA,NA,"https://digital.nls.uk/","PB1888"
"WA-0081","PB1887","Punjab Lock Hospital Report","Colonial Medical Annual Lock Hospital Report","Punjab","Delhi","British India",1888,95,10,5,100,98,12,60,6,7,3,62,14,NA,NA,86,"Register 95 at start, 100 by year-end. Average 98. Non-attendance 12. Fines and imprisonments frequent. Gonorrhoea dominant; syphilis present.","https://digital.nls.uk/","PB1888"
"WA-0082","PB1887","Punjab Lock Hospital Report","Colonial Medical Annual Lock Hospital Report","Punjab","Umballa","British India",1888,85,8,6,87,86,11,72,8,10,4,59,12,NA,NA,85,NA,"https://digital.nls.uk/","PB1888"
"WA-0083","PB1887","Punjab Lock Hospital Report","Colonial Medical Annual Lock Hospital Report","Punjab","Dagshai","British India",1888,28,2,1,29,28,4,18,3,5,1,18,3,NA,NA,27,NA,"https://digital.nls.uk/","PB1888"
"WA-0084","PB1887","Punjab Lock Hospital Report","Colonial Medical Annual Lock Hospital Report","Punjab","Kasauli","British India",1888,5,0,2,3,4,1,4,1,0,0,2,1,NA,NA,3,NA,"https://digital.nls.uk/","PB1888"
"WA-0085","PB1887","Punjab Lock Hospital Report","Colonial Medical Annual Lock Hospital Report","Punjab","Subathu","British India",1888,NA,NA,NA,NA,NA,NA,NA,NA,NA,NA,NA,NA,NA,NA,NA,NA,"https://digital.nls.uk/","PB1888"
"WA-0086","PB1887","Punjab Lock Hospital Report","Colonial Medical Annual Lock Hospital Report","Punjab","Jullundur","British India",1888,NA,NA,NA,NA,NA,NA,NA,NA,NA,NA,NA,NA,NA,NA,NA,NA,"https://digital.nls.uk/","PB1888"
"WA-0087","PB1887","Punjab Lock Hospital Report","Colonial Medical Annual Lock Hospital Report","Punjab","Ferozepore","British India",1888,NA,NA,NA,NA,NA,NA,NA,NA,NA,NA,NA,NA,NA,NA,NA,NA,"https://digital.nls.uk/","PB1888"
"WA-0088","PB1887","Punjab Lock Hospital Report","Colonial Medical Annual Lock Hospital Report","Punjab","Meean Meer","British India",1888,NA,NA,NA,NA,NA,NA,NA,NA,NA,NA,NA,NA,NA,NA,NA,NA,"https://digital.nls.uk/","PB1888"
"WA-0089","PB1887","Punjab Lock Hospital Report","Colonial Medical Annual Lock Hospital Report","Punjab","Mooltan","British India",1888,NA,NA,NA,NA,NA,NA,NA,NA,NA,NA,NA,NA,NA,NA,NA,NA,"https://digital.nls.uk/","PB1888"
"WA-0090","PB1887","Punjab Lock Hospital Report","Colonial Medical Annual Lock Hospital Report","Punjab","Dalhousie","British India",1888,NA,NA,NA,NA,NA,NA,NA,NA,NA,NA,NA,NA,NA,NA,NA,NA,"https://digital.nls.uk/","PB1888"
"WA-0091","PB1887","Punjab Lock Hospital Report","Colonial Medical Annual Lock Hospital Report","Punjab","Sialkot","British India",1888,NA,NA,NA,NA,NA,NA,NA,NA,NA,NA,NA,NA,NA,NA,NA,NA,"https://digital.nls.uk/","PB1888"
"WA-0092","PB1887","Punjab Lock Hospital Report","Colonial Medical Annual Lock Hospital Report","Punjab","Rawalpindi","British India",1888,NA,NA,NA,NA,NA,NA,NA,NA,NA,NA,NA,NA,NA,NA,NA,NA,"https://digital.nls.uk/","PB1888"
"WA-0093","PB1887","Punjab Lock Hospital Report","Colonial Medical Annual Lock Hospital Report","Punjab","Attock","British India",1888,NA,NA,NA,NA,NA,NA,NA,NA,NA,NA,NA,NA,NA,NA,NA,NA,"https://digital.nls.uk/","PB1888"
"WA-0094","PB1887","Punjab Lock Hospital Report","Colonial Medical Annual Lock Hospital Report","Punjab","Murree","British India",1888,NA,NA,NA,NA,NA,NA,NA,NA,NA,NA,NA,NA,NA,NA,NA,NA,"https://digital.nls.uk/","PB1888"
"WA-0095","PB1887","Punjab Lock Hospital Report","Colonial Medical Annual Lock Hospital Report","Punjab","Peshawar","British India",1888,NA,NA,NA,NA,NA,NA,NA,NA,NA,NA,NA,NA,NA,NA,NA,NA,"https://digital.nls.uk/","PB1888"
"WA-0096","PB1887","Punjab Lock Hospital Report","Colonial Medical Annual Lock Hospital Report","Punjab","Naushahra","British India",1888,NA,NA,NA,NA,NA,NA,NA,NA,NA,NA,NA,NA,NA,NA,NA,NA,"https://digital.nls.uk/","PB1888"
"WA-0097","BB1886","Burma Annual Report 1875","Colonial Medical Annual Lock Hospital Report","British Burma Division","Rangoon","British India",1875,356,284,248,392,398.75,51,NA,NA,317,3,149,NA,480,NA,508,NA,"https://digital.nls.uk/","BB1875"
"WA-0098","BB1886","Burma Annual Report 1875","Colonial Medical Annual Lock Hospital Report","British Burma Division","Bassein","British India",1875,14,6,8,12,12.2,17,NA,NA,NA,NA,4,NA,32,NA,32,NA,"https://digital.nls.uk/","BB1875"
"WA-0099","BB1886","Burma Annual Report 1875","Colonial Medical Annual Lock Hospital Report","British Burma Division","Prome","British India",1875,25,20,20,25,32.8,80,NA,NA,NA,NA,NA,NA,41,NA,NA,NA,"https://digital.nls.uk/","BB1875"
"WA-0100","BB1886","Burma Annual Report 1875","Colonial Medical Annual Lock Hospital Report","British Burma Division","Thayetmyo","British India",1875,18,11,11,18,18.25,23,NA,NA,25,1,29,NA,70,NA,70,NA,"https://digital.nls.uk/","BB1875"
"WA-0101","BB1886","Burma Annual Report 1875","Colonial Medical Annual Lock Hospital Report","British Burma Division","Akyab","British India",1875,50,28,34,44,43.8,49,NA,NA,12,21,110,NA,145,2,145,"General Hospital also recorded 124 venereal cases (in- and out-door).","https://digital.nls.uk/","BB1875"
"WA-0102","BB1886","Burma Annual Report 1875","Colonial Medical Annual Lock Hospital Report","British Burma Division","Moulmein","British India",1875,85,53,70,68,78,101,NA,NA,NA,NA,742,NA,142,NA,742,"Very high gonorrhoea admissions. One of largest hospitals.","https://digital.nls.uk/","BB1875"
"WA-0103","BB1886","Burma Annual Report 1875","Colonial Medical Annual Lock Hospital Report","British Burma Division","Toungoo","British India",1875,11,10,5,16,11.4,3,NA,NA,6,3,19,NA,31,2,31,"Marked decrease compared with 1874; 29 cases total admissions.","https://digital.nls.uk/","BB1875"
"WA-0104","BB1886","Burma Lock Hospital Report","Colonial Medical Annual Lock Hospital Report","British Burma Division","Rangoon","India (British Burma)",1876,356,284,248,392,393.75,51,479,NA,317,3,149,8,480,NA,508,NA,"https://digital.nls.uk/","BB1876"
"WA-0105","BB1886","Burma Lock Hospital Report","Colonial Medical Annual Lock Hospital Report","British Burma Division","Bassein","India (British Burma)",1876,14,6,8,12,12.2,17,27,NA,3,8,4,NA,32,NA,27,NA,"https://digital.nls.uk/","BB1876"
"WA-0106","BB1886","Burma Lock Hospital Report","Colonial Medical Annual Lock Hospital Report","British Burma Division","Prome","India (British Burma)",1876,25,20,20,25,32.3,80,41,NA,NA,NA,NA,NA,NA,NA,NA,"High absences (80). Diseases not clearly broken down.","https://digital.nls.uk/","BB1876"
"WA-0107","BB1886","Burma Lock Hospital Report","Colonial Medical Annual Lock Hospital Report","British Burma Division","Thayetmyo","India (British Burma)",1876,18,11,11,18,18.25,23,70,NA,25,1,29,NA,70,NA,70,NA,"https://digital.nls.uk/","BB1876"
"WA-0108","BB1886","Burma Lock Hospital Report","Colonial Medical Annual Lock Hospital Report","British Burma Division","Akyab","India (British Burma)",1876,50,28,34,44,48.8,49,241,NA,12,21,110,2,143,2,145,"General Hospital also recorded 145 venereal cases.","https://digital.nls.uk/","BB1876"
"WA-0109","BB1886","Burma Lock Hospital Report","Colonial Medical Annual Lock Hospital Report","British Burma Division","Moulmein","India (British Burma)",1876,85,53,70,68,73.8,101,142,NA,NA,NA,NA,NA,NA,NA,188,"Very high gonorrhoea admissions. One of largest hospitals.","https://digital.nls.uk/","BB1876"
"WA-0110","BB1886","Burma Lock Hospital Report","Colonial Medical Annual Lock Hospital Report","British Burma Division","Toungoo","India (British Burma)",1876,11,10,5,16,11.39,3,28,NA,5,3,19,NA,31,2,33,"Marked decrease compared with 1874. Diseases included syphilis and gonorrhoea.","https://digital.nls.uk/","BB1876"
"WA-0111","BB1886","Burma Lock Hospital Report","Colonial Medical Annual Lock Hospital Report","British Burma Division","Henzada","India (British Burma)",1876,8,17,9,16,10.5,14,15,NA,NA,NA,NA,NA,NA,NA,25,NA,"https://digital.nls.uk/","BB1876"
"WA-0112","BB1886","Burma Lock Hospital Report","Colonial Medical Annual Lock Hospital Report","British Burma Division","Rangoon","India (British Burma)",1877,466,239,298,407,443.1,169,NA,NA,628,86,320,NA,920,2,950,NA,"https://digital.nls.uk/","BB1877"
"WA-0113","BB1886","Burma Lock Hospital Report","Colonial Medical Annual Lock Hospital Report","British Burma Division","Thayetmyo","India (British Burma)",1877,19,34,30,23,24.9,18,NA,NA,5,1,32,NA,42,0,50,NA,"https://digital.nls.uk/","BB1877"
"WA-0114","BB1886","Burma Lock Hospital Report","Colonial Medical Annual Lock Hospital Report","British Burma Division","Bassein","India (British Burma)",1877,15,22,15,22,23.7,23,NA,NA,NA,5,7,NA,24,1,25,NA,"https://digital.nls.uk/","BB1877"
"WA-0115","BB1886","Burma Lock Hospital Report","Colonial Medical Annual Lock Hospital Report","British Burma Division","Henzada","India (British Burma)",1877,8,17,9,16,10.5,14,NA,NA,2,NA,13,NA,15,0,15,NA,"https://digital.nls.uk/","BB1877"
"WA-0116","BB1886","Burma Lock Hospital Report","Colonial Medical Annual Lock Hospital Report","British Burma Division","Akyab","India (British Burma)",1877,45,44,24,65,56.81,NA,NA,NA,NA,NA,NA,NA,NA,NA,NA,NA,"https://digital.nls.uk/","BB1877"
"WA-0117","BB1886","Burma Lock Hospital Report","Colonial Medical Annual Lock Hospital Report","British Burma Division","Moulmein","India (British Burma)",1877,67,39,57,49,66,91,NA,NA,51,17,16,NA,84,0,84,NA,"https://digital.nls.uk/","BB1877"
"WA-0118","BB1886","Burma Lock Hospital Report","Colonial Medical Annual Lock Hospital Report","British Burma Division","Toungoo","India (British Burma)",1877,15,NA,NA,22,NA,27,NA,NA,NA,NA,NA,NA,NA,NA,NA,NA,"https://digital.nls.uk/","BB1877"
"WA-0119","BB1886","Burma Lock Hospital Report","Colonial Medical Annual Lock Hospital Report","British Burma Division","Rangoon","India (British Burma)",1878,407,280,242,445,472.9,1862,NA,NA,554,136,193,NA,887,NA,1010,"Also recorded 'Other syphilitic affections' (4). Average prostitutes in hospital: 112.6","https://digital.nls.uk/","BB1878"
"WA-0120","BB1886","Burma Lock Hospital Report","Colonial Medical Annual Lock Hospital Report","British Burma Division","Bassein","India (British Burma)",1878,22,17,17,22,18.7,16,NA,NA,6,4,9,NA,20,NA,20,"Includes 'Under observation' (1). Average prostitutes in hospital: 0.96","https://digital.nls.uk/","BB1878"
"WA-0121","BB1886","Burma Lock Hospital Report","Colonial Medical Annual Lock Hospital Report","British Burma Division","Prome","India (British Burma)",1878,16,58,49,25,30.4,70,NA,NA,27,NA,23,NA,51,NA,60,"Includes vaginitis (1) and ulcerations (1). Average prostitutes in hospital: 2.61","https://digital.nls.uk/","BB1878"
"WA-0122","BB1886","Burma Lock Hospital Report","Colonial Medical Annual Lock Hospital Report","British Burma Division","Thayetmyo","India (British Burma)",1878,23,23,27,19,24.83,32,NA,NA,12,19,27,NA,65,2,67,"Non-venereal diseases also noted (8). Average prostitutes in hospital: 5.6","https://digital.nls.uk/","BB1878"
"WA-0123","BB1886","Burma Lock Hospital Report","Colonial Medical Annual Lock Hospital Report","British Burma Division","Henzada","India (British Burma)",1878,16,17,22,11,10.8,NA,NA,NA,NA,NA,NA,NA,NA,NA,NA,"Only aggregate register data available. Avg registered: 10.8. Avg examined: 8.6","https://digital.nls.uk/","BB1878"
"WA-0124","BB1886","Burma Lock Hospital Report","Colonial Medical Annual Lock Hospital Report","British Burma Division","Akyab","India (British Burma)",1878,65,47,48,64,69.5,NA,NA,NA,27,14,98,NA,148,6,154,"Includes condyloma (1), warts (2), bubo (7). Avg prostitutes in hospital: 9.68","https://digital.nls.uk/","BB1878"
"WA-0125","BB1886","Burma Lock Hospital Report","Colonial Medical Annual Lock Hospital Report","British Burma Division","Moulmein","India (British Burma)",1878,49,38,33,54,52.2,NA,NA,NA,51,17,16,NA,84,NA,84,"Diseases: Gonorrhoea (16), Syphilis primary (51), secondary (17). Avg prostitutes in hospital: 4.78","https://digital.nls.uk/","BB1878"
"WA-0126","BB1886","Burma Lock Hospital Report","Colonial Medical Annual Lock Hospital Report","British Burma Division","Toungoo","India (British Burma)",1878,10,7,15,15,13.02,14,NA,NA,10,3,7,1,22,NA,22,"Includes additional cases of Metritis (1) and Leucorrhoea (1). Avg prostitutes in hospital: 1.29","https://digital.nls.uk/","BB1878"
"WA-0127","BB1886","Burma Lock Hospital Report","Colonial Medical Annual Lock Hospital Report","British Burma Division","Rangoon","India (British Burma)",1880,476,241,300,417,496.36,32,NA,NA,471,211,164,210,1155,72,1230,"Daily average prostitutes in hospital 102.59","https://digital.nls.uk/","BB1880"
"WA-0128","BB1886","Burma Lock Hospital Report","Colonial Medical Annual Lock Hospital Report","British Burma Division","Bassein","India (British Burma)",1880,32,16,21,27,28.89,0,NA,NA,6,7,24,NA,32,5,37,"6 prostitutes detained under observation","https://digital.nls.uk/","BB1880"
"WA-0129","BB1886","Burma Lock Hospital Report","Colonial Medical Annual Lock Hospital Report","British Burma Division","Prome","India (British Burma)",1880,7,7,5,9,9.25,0,NA,NA,0,0,0,33,33,0,33,"Including 1 absconded","https://digital.nls.uk/","BB1880"
"WA-0130","BB1886","Burma Lock Hospital Report","Colonial Medical Annual Lock Hospital Report","British Burma Division","Thayetmyo","India (British Burma)",1880,28,24,29,23,25.59,21,NA,NA,3,4,62,NA,69,4,73,NA,"https://digital.nls.uk/","BB1880"
"WA-0131","BB1886","Burma Lock Hospital Report","Colonial Medical Annual Lock Hospital Report","British Burma Division","Akyab","India (British Burma)",1880,45,38,23,60,51.58,21,NA,NA,0,0,59,NA,100,5,105,NA,"https://digital.nls.uk/","BB1880"
"WA-0132","BB1886","Burma Lock Hospital Report","Colonial Medical Annual Lock Hospital Report","British Burma Division","Moulmein","India (British Burma)",1880,78,24,49,53,61.42,41,NA,NA,72,1,16,NA,87,4,91,NA,"https://digital.nls.uk/","BB1880"
"WA-0133","BB1886","Burma Lock Hospital Report","Colonial Medical Annual Lock Hospital Report","British Burma Division","Toungoo","India (British Burma)",1880,15,17,6,26,17.83,12,NA,NA,8,0,2,NA,21,2,23,NA,"https://digital.nls.uk/","BB1880"
"WA-0134","BB1886","Burma Lock Hospital Report","Colonial Medical Annual Lock Hospital Report","British Burma Division","Rangoon","India (British Burma)",1879,445,222,191,476,467.08,1715,NA,NA,566,208,147,NA,819,8,928,"Includes bubo cases; very high admissions and removals.","https://digital.nls.uk/","BB1879"
"WA-0135","BB1886","Burma Lock Hospital Report","Colonial Medical Annual Lock Hospital Report","British Burma Division","Thayetmyo","India (British Burma)",1879,19,25,16,28,23.6,21,NA,NA,7,4,41,NA,46,6,52,"Moderate number of disease cases, some deaths recorded.","https://digital.nls.uk/","BB1879"
"WA-0136","BB1886","Burma Lock Hospital Report","Colonial Medical Annual Lock Hospital Report","British Burma Division","Bassein","India (British Burma)",1879,22,36,26,32,25.4,26,NA,NA,3,NA,25,NA,54,1,55,"Includes soft chancre, warts, observation cases.","https://digital.nls.uk/","BB1879"
"WA-0137","BB1886","Burma Lock Hospital Report","Colonial Medical Annual Lock Hospital Report","British Burma Division","Prome","India (British Burma)",1879,25,12,30,7,15.6,48,NA,NA,21,NA,1,12,43,NA,45,"High removal rate compared to additions.","https://digital.nls.uk/","BB1879"
"WA-0138","BB1886","Burma Lock Hospital Report","Colonial Medical Annual Lock Hospital Report","British Burma Division","Moulmein","India (British Burma)",1879,54,42,18,78,58,115,NA,NA,83,1,17,NA,98,2,101,"Largest hospital in terms of women added and treated.","https://digital.nls.uk/","BB1879"
"WA-0139","BB1886","Burma Lock Hospital Report","Colonial Medical Annual Lock Hospital Report","British Burma Division","Toungoo","India (British Burma)",1882,21,11,10,22,17.5,21,NA,NA,15,1,1,NA,16,NA,17,NA,"https://digital.nls.uk/","BB1882"
"WA-0140","BB1886","Burma Lock Hospital Report","Colonial Medical Annual Lock Hospital Report","British Burma Division","Moulmein","India (British Burma)",1882,63,28,35,56,58.8,40,NA,NA,51,1,8,NA,56,1,60,NA,"https://digital.nls.uk/","BB1882"
"WA-0141","BB1886","Burma Lock Hospital Report","Colonial Medical Annual Lock Hospital Report","British Burma Division","Thayetmyo","India (British Burma)",1882,20,19,17,22,22.5,17,NA,NA,9,5,14,NA,27,NA,28,NA,"https://digital.nls.uk/","BB1882"
"WA-0142","BB1886","Burma Lock Hospital Report","Colonial Medical Annual Lock Hospital Report","British Burma Division","Bassein","India (British Burma)",1882,32,19,21,30,27.1,18,NA,NA,6,3,5,NA,13,NA,14,NA,"https://digital.nls.uk/","BB1882"
"WA-0143","BB1886","Burma Lock Hospital Report","Colonial Medical Annual Lock Hospital Report","British Burma Division","Prome","India (British Burma)",1882,13,2,6,9,11.3,4,NA,NA,2,NA,NA,3,5,NA,5,NA,"https://digital.nls.uk/","BB1882"
"WA-0144","BB1886","Burma Lock Hospital Report","Colonial Medical Annual Lock Hospital Report","British Burma Division","Rangoon","India (British Burma)",1882,535,209,191,553,548.3,1141,NA,NA,305,106,133,NA,507,4,548,NA,"https://digital.nls.uk/","BB1882"
"WA-0145","BB1886","Burma Lock Hospital Report","Colonial Medical Annual Lock Hospital Report","British Burma Division","Rangoon","India (British Burma)",1883,NA,NA,NA,NA,475,426,258,13,422,52,215,124,NA,NA,997,NA,"https://digital.nls.uk/","BB1883"
"WA-0146","BB1886","Burma Lock Hospital Report","Colonial Medical Annual Lock Hospital Report","British Burma Division","Akyab","India (British Burma)",1883,NA,NA,NA,NA,51,17,NA,NA,1,0,28,0,NA,NA,59,"Secondary syphilis, leucorrhoea recorded as 0; 'Other venereal' not captured here.","https://digital.nls.uk/","BB1883"
"WA-0147","BB1886","Burma Lock Hospital Report","Colonial Medical Annual Lock Hospital Report","British Burma Division","Bassein","India (British Burma)",1883,NA,NA,NA,NA,19,12,NA,NA,0,0,13,5,NA,NA,24,"Only arrests given; no fines or imprisonments listed in the table.","https://digital.nls.uk/","BB1883"
"WA-0148","BB1886","Burma Lock Hospital Report","Colonial Medical Annual Lock Hospital Report","British Burma Division","Thayetmyo","India (British Burma)",1883,NA,NA,NA,NA,23,18,11,NA,8,1,26,0,NA,NA,36,"Imprisonment not specified at station level in the arrests table.","https://digital.nls.uk/","BB1883"
"WA-0149","BB1886","Burma Lock Hospital Report","Colonial Medical Annual Lock Hospital Report","British Burma Division","Moulmein","India (British Burma)",1883,NA,NA,NA,NA,75,12,NA,12,57,0,23,0,NA,NA,80,"Arrested = 12; all 12 imprisoned. No fines listed.","https://digital.nls.uk/","BB1883"
"WA-0150","BB1886","Burma Lock Hospital Report","Colonial Medical Annual Lock Hospital Report","British Burma Division","Toungoo","India (British Burma)",1883,NA,NA,NA,NA,15,7,1,1,5,3,14,3,NA,NA,32,"Includes 5 acquitted/released and 7 total arrests.","https://digital.nls.uk/","BB1883"
"WA-0151","BB1886","Burma Lock Hospital Report","Colonial Medical Annual Lock Hospital Report","British Burma Division","Rangoon","India (British Burma)",1884,466,200,308,363,440.16,567,108,12,269,55,157,197,794,NA,794,NA,"https://digital.nls.uk/","BB1884"
"WA-0152","BB1886","Burma Lock Hospital Report","Colonial Medical Annual Lock Hospital Report","British Burma Division","Bassein","India (British Burma)",1884,26,19,22,23,21.2,8,4,NA,14,NA,2,4,22,NA,22,NA,"https://digital.nls.uk/","BB1884"
"WA-0153","BB1886","Burma Lock Hospital Report","Colonial Medical Annual Lock Hospital Report","British Burma Division","Thayetmyo","India (British Burma)",1884,31,13,16,28,30.66,33,4,7,12,4,21,NA,38,NA,38,NA,"https://digital.nls.uk/","BB1884"
"WA-0154","BB1886","Burma Lock Hospital Report","Colonial Medical Annual Lock Hospital Report","British Burma Division","Akyab","India (British Burma)",1884,44,22,NA,41,44.49,10,NA,4,7,NA,10,NA,48,NA,43,NA,"https://digital.nls.uk/","BB1884"
"WA-0155","BB1886","Burma Lock Hospital Report","Colonial Medical Annual Lock Hospital Report","British Burma Division","Moulmein","India (British Burma)",1884,61,11,17,55,68.6,15,1,15,20,NA,NA,NA,80,NA,80,NA,"https://digital.nls.uk/","BB1884"
"WA-0156","BB1886","Burma Lock Hospital Report","Colonial Medical Annual Lock Hospital Report","British Burma Division","Toungoo","India (British Burma)",1884,15,17,14,18,17.11,30,NA,8,NA,NA,18,NA,29,NA,29,NA,"https://digital.nls.uk/","BB1884"
"WA-0157","BB1886","Burma Lock Hospital Report","Colonial Medical Annual Lock Hospital Report","British Burma Division","Rangoon","India (British Burma)",1885,363,219,190,392,399.65,NA,189,48,119,52,279,NA,751,NA,751,"Arrested:244, Deserted:4","https://digital.nls.uk/","BB1885"
"WA-0158","BB1886","Burma Lock Hospital Report","Colonial Medical Annual Lock Hospital Report","British Burma Division","Bassein","India (British Burma)",1885,23,19,17,25,21.4,NA,5,NA,7,5,NA,NA,24,NA,24,"Arrested:8","https://digital.nls.uk/","BB1885"
"WA-0159","BB1886","Burma Lock Hospital Report","Colonial Medical Annual Lock Hospital Report","British Burma Division","Thayetmyo","India (British Burma)",1885,28,20,19,29,26.83,NA,6,NA,5,9,NA,NA,41,NA,41,"Arrested:58","https://digital.nls.uk/","BB1885"
"WA-0160","BB1886","Burma Lock Hospital Report","Colonial Medical Annual Lock Hospital Report","British Burma Division","Akyab","India (British Burma)",1885,41,21,21,41,41.23,NA,5,NA,22,3,NA,NA,60,NA,60,"Arrested:17","https://digital.nls.uk/","BB1885"
"WA-0161","BB1886","Burma Lock Hospital Report","Colonial Medical Annual Lock Hospital Report","British Burma Division","Toungoo","India (British Burma)",1885,18,24,24,18,18.89,NA,8,NA,15,5,2,NA,15,NA,15,"Arrested:36","https://digital.nls.uk/","BB1885"
"WA-0167","BB1886","Burma Lock Hospitals Report","Colonial Medical Annual Lock Hospital Report","British Burma Division","Rangoon","India (British Burma)",1873,322,232,209,345,342,283,86,NA,NA,NA,NA,NA,NA,NA,151,NA,"https://digital.nls.uk/","BB1873"
"WA-0168","BB1886","Burma Lock Hospitals Report","Colonial Medical Annual Lock Hospital Report","British Burma Division","Bassein","India (British Burma)",1873,9,10,7,12,12.75,10.25,30,NA,NA,NA,NA,NA,NA,NA,151,NA,"https://digital.nls.uk/","BB1873"
"WA-0169","BB1886","Burma Lock Hospitals Report","Colonial Medical Annual Lock Hospital Report","British Burma Division","Prome","India (British Burma)",1873,46,26,49,23,56.5,1.3,32,NA,NA,NA,NA,NA,NA,NA,151,NA,"https://digital.nls.uk/","BB1873"
"WA-0170","BB1886","Burma Lock Hospitals Report","Colonial Medical Annual Lock Hospital Report","British Burma Division","Thayetmyo","India (British Burma)",1873,16,9,25,4,17.83,17.83,NA,NA,NA,NA,NA,NA,NA,NA,151,NA,"https://digital.nls.uk/","BB1873"
"WA-0171","BB1886","Burma Lock Hospitals Report","Colonial Medical Annual Lock Hospital Report","British Burma Division","Akyab","India (British Burma)",1873,50,18,26,42,44.88,40.78,61,NA,NA,NA,NA,NA,NA,NA,151,NA,"https://digital.nls.uk/","BB1873"
"WA-0172","BB1886","Burma Lock Hospitals Report","Colonial Medical Annual Lock Hospital Report","British Burma Division","Moulmein","India (British Burma)",1873,88,62,73,77,85,61,10,NA,NA,NA,NA,NA,NA,NA,151,NA,"https://digital.nls.uk/","BB1873"
"WA-0177","MD1876","Madras Lock Hospital Reports","Colonial Medical Annual Lock Hospital Report","Madras Presidency","Bangalore","British India",1877,NA,82,67,107,NA,NA,NA,NA,NA,NA,NA,NA,NA,7,NA,"174 total registered; famine influx; 55 absconded; 7 died; high venereal among troops","https://digital.nls.uk/","MD1877"
"WA-0178","MD1876","Madras Lock Hospital Reports","Colonial Medical Annual Lock Hospital Report","Madras Presidency","Bellary","British India",1877,NA,99,47,119,NA,NA,NA,NA,244,NA,398,NA,NA,8,NA,"166 total registered; 47 removed/absconded/died; 8 deaths; 398 admissions, 244 primary syphilis","https://digital.nls.uk/","MD1877"
"WA-0179","MD1876","Madras Lock Hospital Reports","Colonial Medical Annual Lock Hospital Report","Madras Presidency","Cannanore","British India",1877,49,NA,13,36,NA,NA,NA,NA,NA,NA,NA,NA,NA,NA,NA,"Small register (36 at end); 13 removed/died; primary syphilis aggravated; gonorrhoea increased","https://digital.nls.uk/","MD1877"
"WA-0180","MD1876","Madras Lock Hospital Reports","Colonial Medical Annual Lock Hospital Report","Madras Presidency","Kamptee","British India",1877,NA,28,19,55,NA,NA,NA,NA,NA,NA,NA,NA,NA,NA,NA,"Prostitutes divided into 1st (Europeans) and 2nd (Natives); 19 removed; decreased syphilis, increased gonorrhoea","https://digital.nls.uk/","MD1877"
"WA-0181","MD1876","Madras Lock Hospital Reports","Colonial Medical Annual Lock Hospital Report","Madras Presidency","Madras","British India",1877,NA,NA,NA,NA,NA,NA,NA,NA,397,NA,424,NA,NA,NA,NA,"910 admissions (397 primary syphilis, 424 gonorrhoea); 1,001 treated in total; famine-stricken women present","https://digital.nls.uk/","MD1877"
"WA-0182","MD1876","Madras Lock Hospital Reports","Colonial Medical Annual Lock Hospital Report","Madras Presidency","Rangoon","India (British Burma)",1877,NA,239,298,407,NA,NA,NA,NA,NA,NA,NA,NA,NA,NA,NA,"705 registered; 239 new names; 298 absconded/removed; ended with 407 on roll","https://digital.nls.uk/","MD1877"
"WA-0183","MD1876","Madras Lock Hospital Reports","Colonial Medical Annual Lock Hospital Report","Madras Presidency","St. Thomas' Mount","British India",1877,NA,NA,NA,NA,NA,NA,NA,NA,NA,NA,NA,NA,NA,NA,NA,NA,"https://digital.nls.uk/","MD1877"
"WA-0184","MD1876","Madras Lock Hospital Reports","Colonial Medical Annual Lock Hospital Report","Madras Presidency","Secunderabad","British India",1877,NA,NA,NA,NA,NA,NA,NA,NA,NA,NA,NA,NA,NA,NA,NA,NA,"https://digital.nls.uk/","MD1877"
"WA-0185","MD1876","Madras Lock Hospital Reports","Colonial Medical Annual Lock Hospital Report","Madras Presidency","Seetabuldee","British India",1877,NA,NA,NA,NA,NA,NA,NA,NA,NA,NA,NA,NA,NA,NA,NA,NA,"https://digital.nls.uk/","MD1877"
"WA-0186","MD1876","Madras Lock Hospital Reports","Colonial Medical Annual Lock Hospital Report","Madras Presidency","Trichinopoly","British India",1877,NA,NA,NA,NA,NA,NA,NA,NA,NA,NA,NA,NA,NA,NA,NA,NA,"https://digital.nls.uk/","MD1877"
"WA-0187","MD1876","Madras Lock Hospital Reports","Colonial Medical Annual Lock Hospital Report","Madras Presidency","Wellington","British India",1877,NA,NA,NA,NA,NA,NA,NA,NA,NA,NA,NA,NA,NA,NA,NA,NA,"https://digital.nls.uk/","MD1877"
"WA-0188","MD1876","Madras Lock Hospital Reports","Colonial Medical Annual Lock Hospital Report","Madras Presidency","Thayetmyo","India (British Burma)",1877,NA,NA,NA,NA,NA,NA,NA,NA,NA,NA,NA,NA,NA,NA,NA,NA,"https://digital.nls.uk/","MD1877"
"WA-0189","MD1876","Madras Lock Hospital Reports","Colonial Medical Annual Lock Hospital Report","Madras Presidency","Tonghoo","India (British Burma)",1877,NA,NA,NA,NA,NA,NA,NA,NA,NA,NA,NA,NA,NA,NA,NA,NA,"https://digital.nls.uk/","MD1877"
"WA-0190","MD1876","Madras Lock Hospital Reports","Colonial Medical Annual Lock Hospital Report","Madras Presidency","Bangalore","British India",1878,NA,64,60,104,NA,NA,NA,NA,NA,NA,NA,NA,NA,3,NA,"167 total registered; 64 added; 60 removed; 3 deaths; venereal among troops still high","https://digital.nls.uk/","MD1878"
"WA-0191","MD1876","Madras Lock Hospital Reports","Colonial Medical Annual Lock Hospital Report","Madras Presidency","Bellary","British India",1878,NA,93,48,144,NA,NA,NA,NA,220,NA,382,NA,NA,6,NA,"237 total registered; 93 added; 48 removed; 6 deaths; 382 admissions, 220 syphilis cases","https://digital.nls.uk/","MD1878"
"WA-0192","MD1876","Madras Lock Hospital Reports","Colonial Medical Annual Lock Hospital Report","Madras Presidency","Cannanore","British India",1878,NA,14,12,38,NA,NA,NA,NA,NA,NA,NA,NA,NA,NA,NA,"50 registered; 14 added; 12 removed; 38 at end; cases of syphilis and gonorrhoea noted","https://digital.nls.uk/","MD1878"
"WA-0193","MD1876","Madras Lock Hospital Reports","Colonial Medical Annual Lock Hospital Report","Madras Presidency","Kamptee","British India",1878,NA,33,28,60,NA,NA,NA,NA,NA,NA,NA,NA,NA,NA,NA,"Prostitutes divided into classes; 33 added; 28 removed; end strength 60; mixed disease trends","https://digital.nls.uk/","MD1878"
"WA-0194","MD1876","Madras Lock Hospital Reports","Colonial Medical Annual Lock Hospital Report","Madras Presidency","Madras","British India",1878,NA,NA,NA,NA,NA,NA,NA,NA,410,NA,430,NA,NA,NA,NA,"Total admissions 950; 410 syphilis cases, 430 gonorrhoea; famine women again in register","https://digital.nls.uk/","MD1878"
"WA-0195","MD1876","Madras Lock Hospital Reports","Colonial Medical Annual Lock Hospital Report","Madras Presidency","Rangoon","India (British Burma)",1878,NA,207,245,369,NA,NA,NA,NA,NA,NA,NA,NA,NA,NA,NA,"614 registered; 207 new; 245 removed; 369 remained; absconding common","https://digital.nls.uk/","MD1878"
"WA-0196","MD1876","Madras Lock Hospital Reports","Colonial Medical Annual Lock Hospital Report","Madras Presidency","St. Thomas' Mount","British India",1878,NA,NA,NA,NA,NA,NA,NA,NA,NA,NA,NA,NA,NA,NA,NA,NA,"https://digital.nls.uk/","MD1878"
"WA-0197","MD1876","Madras Lock Hospital Reports","Colonial Medical Annual Lock Hospital Report","Madras Presidency","Secunderabad","British India",1878,NA,NA,NA,NA,NA,NA,NA,NA,NA,NA,NA,NA,NA,NA,NA,NA,"https://digital.nls.uk/","MD1878"
"WA-0198","MD1876","Madras Lock Hospital Reports","Colonial Medical Annual Lock Hospital Report","Madras Presidency","Seetabuldee","British India",1878,NA,NA,NA,NA,NA,NA,NA,NA,NA,NA,NA,NA,NA,NA,NA,NA,"https://digital.nls.uk/","MD1878"
"WA-0199","MD1876","Madras Lock Hospital Reports","Colonial Medical Annual Lock Hospital Report","Madras Presidency","Trichinopoly","British India",1878,NA,NA,NA,NA,NA,NA,NA,NA,NA,NA,NA,NA,NA,NA,NA,NA,"https://digital.nls.uk/","MD1878"
"WA-0200","MD1876","Madras Lock Hospital Reports","Colonial Medical Annual Lock Hospital Report","Madras Presidency","Wellington","British India",1878,NA,NA,NA,NA,NA,NA,NA,NA,NA,NA,NA,NA,NA,NA,NA,NA,"https://digital.nls.uk/","MD1878"
"WA-0201","MD1876","Madras Lock Hospital Reports","Colonial Medical Annual Lock Hospital Report","Madras Presidency","Thayetmyo","India (British Burma)",1878,NA,NA,NA,NA,NA,NA,NA,NA,NA,NA,NA,NA,NA,NA,NA,NA,"https://digital.nls.uk/","MD1878"
"WA-0202","MD1876","Madras Lock Hospital Reports","Colonial Medical Annual Lock Hospital Report","Madras Presidency","Tonghoo","India (British Burma)",1878,NA,NA,NA,NA,NA,NA,NA,NA,NA,NA,NA,NA,NA,NA,NA,NA,"https://digital.nls.uk/","MD1878"
"WA-0203","MD1876","Madras Lock Hospital Reports","Colonial Medical Annual Lock Hospital Report","Madras Presidency","Bangalore","British India",1879,NA,70,65,110,NA,NA,NA,NA,NA,NA,NA,NA,NA,4,NA,"179 total registered; 70 added; 65 removed; 4 deaths; venereal cases persist; irregular inspection noted.","https://digital.nls.uk/","MD1879"
"WA-0204","MD1876","Madras Lock Hospital Reports","Colonial Medical Annual Lock Hospital Report","Madras Presidency","Bellary","British India",1879,NA,88,55,133,NA,NA,NA,NA,210,NA,360,NA,NA,7,NA,"243 total registered; 88 added; 55 removed; 7 deaths; 360 admissions, 210 syphilis cases.","https://digital.nls.uk/","MD1879"
"WA-0205","MD1876","Madras Lock Hospital Reports","Colonial Medical Annual Lock Hospital Report","Madras Presidency","Cannanore","British India",1879,NA,NA,13,36,NA,NA,NA,NA,NA,NA,NA,NA,NA,NA,NA,"49 total registered; 13 removed; 36 at end; daily avg sick 4.38; 1 in 9 admissions non-venereal; syphilis aggravated type; gonorrhoea increased; no fee charged.","https://digital.nls.uk/","MD1879"
"WA-0206","MD1876","Madras Lock Hospital Reports","Colonial Medical Annual Lock Hospital Report","Madras Presidency","Kamptee","British India",1879,NA,31,27,59,NA,NA,NA,NA,NA,NA,NA,NA,NA,NA,NA,"Prostitutes in classes; 31 added; 27 removed; 59 end strength; syphilis reduced, gonorrhoea steady.","https://digital.nls.uk/","MD1879"
"WA-0207","MD1876","Madras Lock Hospital Reports","Colonial Medical Annual Lock Hospital Report","Madras Presidency","Madras","British India",1879,NA,NA,NA,NA,NA,NA,NA,NA,420,NA,445,NA,NA,NA,NA,"Admissions 980; 420 syphilis, 445 gonorrhoea; famine-stricken women still appear.","https://digital.nls.uk/","MD1879"
"WA-0208","MD1876","Madras Lock Hospital Reports","Colonial Medical Annual Lock Hospital Report","Madras Presidency","Rangoon","India (British Burma)",1879,NA,215,260,385,NA,NA,NA,NA,NA,NA,NA,NA,NA,NA,NA,"645 registered; 215 new names; 260 removed; 385 at end; absconding frequent.","https://digital.nls.uk/","MD1879"
"WA-0209","MD1876","Madras Lock Hospital Reports","Colonial Medical Annual Lock Hospital Report","Madras Presidency","St. Thomas' Mount","British India",1879,NA,NA,NA,NA,NA,NA,NA,NA,NA,NA,NA,NA,NA,NA,NA,NA,"https://digital.nls.uk/","MD1879"
"WA-0210","MD1876","Madras Lock Hospital Reports","Colonial Medical Annual Lock Hospital Report","Madras Presidency","Secunderabad","British India",1879,NA,NA,NA,NA,NA,NA,NA,NA,NA,NA,NA,NA,NA,NA,NA,NA,"https://digital.nls.uk/","MD1879"
"WA-0211","MD1876","Madras Lock Hospital Reports","Colonial Medical Annual Lock Hospital Report","Madras Presidency","Seetabuldee","British India",1879,NA,NA,NA,NA,NA,NA,NA,NA,NA,NA,NA,NA,NA,NA,NA,NA,"https://digital.nls.uk/","MD1879"
"WA-0212","MD1876","Madras Lock Hospital Reports","Colonial Medical Annual Lock Hospital Report","Madras Presidency","Trichinopoly","British India",1879,NA,NA,NA,NA,NA,NA,NA,NA,NA,NA,NA,NA,NA,NA,NA,NA,"https://digital.nls.uk/","MD1879"
"WA-0213","MD1876","Madras Lock Hospital Reports","Colonial Medical Annual Lock Hospital Report","Madras Presidency","Wellington","British India",1879,NA,NA,NA,NA,NA,NA,NA,NA,NA,NA,NA,NA,NA,NA,NA,NA,"https://digital.nls.uk/","MD1879"
"WA-0214","MD1876","Madras Lock Hospital Reports","Colonial Medical Annual Lock Hospital Report","Madras Presidency","Thayetmyo","India (British Burma)",1879,NA,NA,NA,NA,NA,NA,NA,NA,NA,NA,NA,NA,NA,NA,NA,NA,"https://digital.nls.uk/","MD1879"
"WA-0215","MD1876","Madras Lock Hospital Reports","Colonial Medical Annual Lock Hospital Report","Madras Presidency","Tonghoo","India (British Burma)",1879,NA,NA,NA,NA,NA,NA,NA,NA,NA,NA,NA,NA,NA,NA,NA,NA,"https://digital.nls.uk/","MD1879"
"WA-0216","MD1876","Madras Lock Hospital Reports","Colonial Medical Annual Lock Hospital Report","Madras Presidency","Cannanore","British India",1880,55,20,39,36,NA,NA,NA,NA,NA,NA,NA,NA,135,1,141,"Average daily sick 11.67; 10 in hospital on 31 Dec 1879; 15 remaining 31 Dec 1880.","https://digital.nls.uk/","MD1880"
"WA-0217","MD1876","Madras Lock Hospital Reports","Colonial Medical Annual Lock Hospital Report","Madras Presidency","Bellary","British India",1880,NA,NA,NA,NA,73.88,NA,NA,NA,NA,NA,NA,NA,NA,NA,NA,"Average on register 73.88; avg weekly attendance 24.75; avg weekly non-attendance 27.25; many unregistered prostitutes due to railway works.","https://digital.nls.uk/","MD1880"
"WA-0218","MD1876","Madras Lock Hospital Reports","Colonial Medical Annual Lock Hospital Report","Madras Presidency","St. Thomas' Mount","British India",1880,NA,NA,NA,63,NA,NA,NA,NA,NA,NA,NA,NA,NA,NA,NA,"Registration covers Mount, Guindy, Pallavaram, Poonamallee; weekly Friday examinations; police active.","https://digital.nls.uk/","MD1880"
"WA-0219","MD1876","Madras Lock Hospital Reports","Colonial Medical Annual Lock Hospital Report","Madras Presidency","Bangalore","British India",1880,NA,NA,NA,NA,NA,NA,NA,NA,NA,NA,NA,NA,NA,NA,NA,NA,"https://digital.nls.uk/","MD1880"
"WA-0220","MD1876","Madras Lock Hospital Reports","Colonial Medical Annual Lock Hospital Report","Madras Presidency","Kamptee","British India",1880,NA,NA,NA,NA,NA,NA,NA,NA,NA,NA,NA,NA,NA,NA,NA,NA,"https://digital.nls.uk/","MD1880"
"WA-0221","MD1876","Madras Lock Hospital Reports","Colonial Medical Annual Lock Hospital Report","Madras Presidency","Trichinopoly","British India",1880,NA,NA,NA,NA,NA,NA,NA,NA,NA,NA,NA,NA,NA,NA,NA,NA,"https://digital.nls.uk/","MD1880"
"WA-0222","MD1876","Madras Lock Hospital Reports","Colonial Medical Annual Lock Hospital Report","Madras Presidency","Wellington","British India",1880,NA,NA,NA,NA,NA,NA,NA,NA,NA,NA,NA,NA,NA,NA,NA,NA,"https://digital.nls.uk/","MD1880"
"WA-0223","MD1876","Madras Lock Hospital Reports","Colonial Medical Annual Lock Hospital Report","Madras Presidency","Madras","British India",1880,NA,NA,NA,NA,NA,NA,NA,NA,NA,NA,NA,NA,NA,NA,NA,NA,"https://digital.nls.uk/","MD1880"
"WA-0224","MD1876","Madras Lock Hospital Reports","Colonial Medical Annual Lock Hospital Report","Madras Presidency","Secunderabad","British India",1880,NA,NA,NA,NA,NA,NA,NA,NA,NA,NA,NA,NA,NA,NA,NA,NA,"https://digital.nls.uk/","MD1880"
"WA-0225","MD1876","Madras Lock Hospital Reports","Colonial Medical Annual Lock Hospital Report","Madras Presidency","Rangoon","India (British Burma)",1880,NA,NA,NA,NA,NA,NA,NA,NA,NA,NA,NA,NA,NA,NA,NA,NA,"https://digital.nls.uk/","MD1880"
"WA-0226","MD1876","Madras Lock Hospital Reports","Colonial Medical Annual Lock Hospital Report","Madras Presidency","Bangalore","British India",1881,NA,NA,NA,NA,91.33,NA,NA,NA,NA,NA,NA,NA,NA,NA,NA,NA,"https://digital.nls.uk/","MD1881"
"WA-0227","MD1876","Madras Lock Hospital Reports","Colonial Medical Annual Lock Hospital Report","Madras Presidency","Bellary","British India",1881,NA,NA,NA,NA,73.8,NA,NA,NA,NA,NA,NA,NA,NA,NA,NA,NA,"https://digital.nls.uk/","MD1881"
"WA-0228","MD1876","Madras Lock Hospital Reports","Colonial Medical Annual Lock Hospital Report","Madras Presidency","Cannanore","British India",1881,NA,NA,NA,NA,36.45,NA,NA,NA,NA,NA,NA,NA,NA,NA,NA,NA,"https://digital.nls.uk/","MD1881"
"WA-0229","MD1876","Madras Lock Hospital Reports","Colonial Medical Annual Lock Hospital Report","Madras Presidency","Kamptee","British India",1881,NA,NA,NA,NA,59.15,NA,NA,NA,NA,NA,NA,NA,NA,NA,NA,NA,"https://digital.nls.uk/","MD1881"
"WA-0230","MD1876","Madras Lock Hospital Reports","Colonial Medical Annual Lock Hospital Report","Madras Presidency","St. Thomas' Mount","British India",1881,NA,NA,NA,NA,53.77,NA,NA,NA,22,NA,NA,NA,NA,NA,328,NA,"https://digital.nls.uk/","MD1881"
"WA-0231","MD1876","Madras Lock Hospital Reports","Colonial Medical Annual Lock Hospital Report","Madras Presidency","Secunderabad","British India",1881,NA,NA,NA,NA,364.18,NA,NA,NA,487,NA,NA,NA,NA,NA,754,NA,"https://digital.nls.uk/","MD1881"
"WA-0232","MD1876","Madras Lock Hospital Reports","Colonial Medical Annual Lock Hospital Report","Madras Presidency","Wellington","British India",1881,NA,NA,NA,NA,38.36,NA,NA,NA,NA,NA,NA,NA,NA,NA,NA,NA,"https://digital.nls.uk/","MD1881"
"WA-0233","MD1876","Madras Lock Hospital Reports","Colonial Medical Annual Lock Hospital Report","Madras Presidency","Bangalore","British India",1882,85,18,22,81,86.65,49,NA,NA,366,NA,NA,NA,NA,NA,NA,NA,"https://digital.nls.uk/","MD1882"
"WA-0234","MD1876","Madras Lock Hospital Reports","Colonial Medical Annual Lock Hospital Report","Madras Presidency","Bellary","British India",1882,75,27,32,70,72.84,24,NA,NA,279,NA,NA,NA,NA,NA,NA,NA,"https://digital.nls.uk/","MD1882"
"WA-0235","MD1876","Madras Lock Hospital Reports","Colonial Medical Annual Lock Hospital Report","Madras Presidency","Cannanore","British India",1882,33,19,19,33,34.21,21,NA,NA,60,NA,NA,NA,NA,NA,NA,NA,"https://digital.nls.uk/","MD1882"
"WA-0236","MD1876","Madras Lock Hospital Reports","Colonial Medical Annual Lock Hospital Report","Madras Presidency","Kamptee","British India",1882,58,1,9,50,53.36,40,NA,NA,24,NA,NA,NA,NA,NA,NA,NA,"https://digital.nls.uk/","MD1882"
"WA-0237","MD1876","Madras Lock Hospital Reports","Colonial Medical Annual Lock Hospital Report","Madras Presidency","St. Thomas' Mount","British India",1882,NA,NA,NA,NA,NA,NA,NA,NA,NA,NA,NA,NA,NA,NA,NA,NA,"https://digital.nls.uk/","MD1882"
"WA-0238","MD1876","Madras Lock Hospital Reports","Colonial Medical Annual Lock Hospital Report","Madras Presidency","Secunderabad","British India",1882,NA,NA,NA,NA,NA,NA,NA,NA,NA,NA,NA,NA,NA,NA,NA,NA,"https://digital.nls.uk/","MD1882"
"WA-0239","MD1876","Madras Lock Hospital Reports","Colonial Medical Annual Lock Hospital Report","Madras Presidency","Wellington","British India",1882,NA,NA,NA,NA,NA,NA,NA,NA,NA,NA,NA,NA,NA,NA,NA,NA,"https://digital.nls.uk/","MD1882"
"WA-0240","MD1876","Madras Lock Hospital Reports","Colonial Medical Annual Lock Hospital Report","Madras Presidency","Rangoon","India (British Burma)",1882,NA,NA,NA,NA,NA,NA,NA,NA,NA,NA,NA,NA,NA,NA,NA,NA,"https://digital.nls.uk/","MD1882"
"WA-0241","MD1876","Madras Lock Hospital Reports","Colonial Medical Annual Lock Hospital Report","Madras Presidency","Madras","British India",1882,NA,NA,NA,NA,NA,NA,NA,NA,NA,NA,NA,NA,NA,NA,NA,NA,"https://digital.nls.uk/","MD1882"
"WA-0242","MD1876","Madras Lock Hospital Reports","Colonial Medical Annual Lock Hospital Report","Madras Presidency","Bangalore","British India",1883,NA,NA,NA,NA,92.41,NA,NA,NA,402,NA,288,NA,NA,NA,NA,"Average registered 92.41; primary syphilis 402; gonorrhoea 288.","https://digital.nls.uk/","MD1883"
"WA-0243","MD1876","Madras Lock Hospital Reports","Colonial Medical Annual Lock Hospital Report","Madras Presidency","Bellary","British India",1883,NA,NA,NA,NA,71.53,NA,NA,NA,260,NA,312,NA,NA,NA,NA,"Average registered 71.53; syphilis 260; gonorrhoea 312.","https://digital.nls.uk/","MD1883"
"WA-0244","MD1876","Madras Lock Hospital Reports","Colonial Medical Annual Lock Hospital Report","Madras Presidency","Cannanore","British India",1883,NA,NA,NA,NA,35.76,NA,NA,NA,55,NA,48,NA,NA,NA,NA,"Average registered 35.76; syphilis 55; gonorrhoea 48.","https://digital.nls.uk/","MD1883"
"WA-0245","MD1876","Madras Lock Hospital Reports","Colonial Medical Annual Lock Hospital Report","Madras Presidency","Kamptee","British India",1883,NA,NA,NA,NA,54.62,NA,NA,NA,30,NA,29,NA,NA,NA,NA,"Average registered 54.62; syphilis 30; gonorrhoea 29.","https://digital.nls.uk/","MD1883"
"WA-0246","MD1876","Madras Lock Hospital Reports","Colonial Medical Annual Lock Hospital Report","Madras Presidency","St. Thomas' Mount","British India",1883,NA,NA,NA,NA,51.28,NA,NA,NA,18,NA,212,NA,NA,NA,NA,"Average registered 51.28; syphilis 18; gonorrhoea 212.","https://digital.nls.uk/","MD1883"
"WA-0247","MD1876","Madras Lock Hospital Reports","Colonial Medical Annual Lock Hospital Report","Madras Presidency","Secunderabad","British India",1883,NA,NA,NA,NA,370.12,NA,NA,NA,490,NA,612,NA,NA,NA,NA,"Average registered 370.12; syphilis 490; gonorrhoea 612.","https://digital.nls.uk/","MD1883"
"WA-0248","MD1876","Madras Lock Hospital Reports","Colonial Medical Annual Lock Hospital Report","Madras Presidency","Wellington","British India",1883,NA,NA,NA,NA,39.27,NA,NA,NA,22,NA,44,NA,NA,NA,NA,"Average registered 39.27; syphilis 22; gonorrhoea 44.","https://digital.nls.uk/","MD1883"
"WA-0249","MD1876","Madras Lock Hospital Reports","Colonial Medical Annual Lock Hospital Report","Madras Presidency","Madras","British India",1883,NA,NA,NA,NA,NA,NA,NA,NA,412,NA,527,NA,NA,NA,NA,"Syphilis 412; gonorrhoea 527. Avg not given in military section.","https://digital.nls.uk/","MD1883"
"WA-0250","MD1876","Madras Lock Hospital Reports","Colonial Medical Annual Lock Hospital Report","Madras Presidency","Rangoon","India (British Burma)",1883,NA,NA,NA,NA,NA,NA,NA,NA,276,NA,310,NA,NA,NA,NA,"Syphilis 276; gonorrhoea 310.","https://digital.nls.uk/","MD1883"
"WA-0251","MD1876","Madras Lock Hospital Reports","Colonial Medical Annual Lock Hospital Report","Madras Presidency","Bangalore","British India",1884,NA,NA,NA,NA,94.22,NA,NA,NA,410,NA,295,NA,NA,NA,NA,"Avg registered 94.22; primary syphilis 410; gonorrhoea 295.","https://digital.nls.uk/","MD1884"
"WA-0252","MD1876","Madras Lock Hospital Reports","Colonial Medical Annual Lock Hospital Report","Madras Presidency","Bellary","British India",1884,NA,NA,NA,NA,72.11,NA,NA,NA,245,NA,318,NA,NA,NA,NA,"Avg registered 72.11; syphilis 245; gonorrhoea 318.","https://digital.nls.uk/","MD1884"
"WA-0253","MD1876","Madras Lock Hospital Reports","Colonial Medical Annual Lock Hospital Report","Madras Presidency","Cannanore","British India",1884,NA,NA,NA,NA,34.55,NA,NA,NA,50,NA,47,NA,NA,NA,NA,"Avg registered 34.55; syphilis 50; gonorrhoea 47.","https://digital.nls.uk/","MD1884"
"WA-0254","MD1876","Madras Lock Hospital Reports","Colonial Medical Annual Lock Hospital Report","Madras Presidency","Kamptee","British India",1884,NA,NA,NA,NA,55.1,NA,NA,NA,28,NA,32,NA,NA,NA,NA,"Avg registered 55.10; syphilis 28; gonorrhoea 32.","https://digital.nls.uk/","MD1884"
"WA-0255","MD1876","Madras Lock Hospital Reports","Colonial Medical Annual Lock Hospital Report","Madras Presidency","St. Thomas' Mount","British India",1884,NA,NA,NA,NA,52.14,NA,NA,NA,16,NA,210,NA,NA,NA,NA,"Avg registered 52.14; syphilis 16; gonorrhoea 210.","https://digital.nls.uk/","MD1884"
"WA-0256","MD1876","Madras Lock Hospital Reports","Colonial Medical Annual Lock Hospital Report","Madras Presidency","Secunderabad","British India",1884,NA,NA,NA,NA,368.72,NA,NA,NA,482,NA,619,NA,NA,NA,NA,"Avg registered 368.72; syphilis 482; gonorrhoea 619.","https://digital.nls.uk/","MD1884"
"WA-0257","MD1876","Madras Lock Hospital Reports","Colonial Medical Annual Lock Hospital Report","Madras Presidency","Wellington","British India",1884,NA,NA,NA,NA,39.05,NA,NA,NA,20,NA,41,NA,NA,NA,NA,"Avg registered 39.05; syphilis 20; gonorrhoea 41.","https://digital.nls.uk/","MD1884"
"WA-0258","MD1876","Madras Lock Hospital Reports","Colonial Medical Annual Lock Hospital Report","Madras Presidency","Madras","British India",1884,NA,NA,NA,NA,NA,NA,NA,NA,420,NA,535,NA,NA,NA,NA,"Civil lock hospital; syphilis 420; gonorrhoea 535.","https://digital.nls.uk/","MD1884"
"WA-0259","MD1876","Madras Lock Hospital Reports","Colonial Medical Annual Lock Hospital Report","Madras Presidency","Rangoon","India (British Burma)",1884,NA,NA,NA,NA,NA,NA,NA,NA,281,NA,322,NA,NA,NA,NA,"Civil lock hospital; syphilis 281; gonorrhoea 322.","https://digital.nls.uk/","MD1884"
"WA-0260","MD1876","Madras Lock Hospital Reports","Colonial Medical Annual Lock Hospital Report","Madras Presidency","Bangalore","British India",1885,NA,NA,NA,NA,93.12,NA,NA,NA,415,NA,310,NA,NA,NA,NA,"Avg registered 93.12; primary syphilis 415; gonorrhoea 310.","https://digital.nls.uk/","MD1885"
"WA-0261","MD1876","Madras Lock Hospital Reports","Colonial Medical Annual Lock Hospital Report","Madras Presidency","Bellary","British India",1885,NA,NA,NA,NA,71.2,NA,NA,NA,240,NA,326,NA,NA,NA,NA,"Avg registered 71.20; syphilis 240; gonorrhoea 326.","https://digital.nls.uk/","MD1885"
"WA-0262","MD1876","Madras Lock Hospital Reports","Colonial Medical Annual Lock Hospital Report","Madras Presidency","Cannanore","British India",1885,NA,NA,NA,NA,33.9,NA,NA,NA,52,NA,50,NA,NA,NA,NA,"Avg registered 33.90; syphilis 52; gonorrhoea 50.","https://digital.nls.uk/","MD1885"
"WA-0263","MD1876","Madras Lock Hospital Reports","Colonial Medical Annual Lock Hospital Report","Madras Presidency","Kamptee","British India",1885,NA,NA,NA,NA,55.4,NA,NA,NA,27,NA,34,NA,NA,NA,NA,"Avg registered 55.40; syphilis 27; gonorrhoea 34.","https://digital.nls.uk/","MD1885"
"WA-0264","MD1876","Madras Lock Hospital Reports","Colonial Medical Annual Lock Hospital Report","Madras Presidency","St. Thomas' Mount","British India",1885,NA,NA,NA,NA,51.5,NA,NA,NA,17,NA,208,NA,NA,NA,NA,"Avg registered 51.50; syphilis 17; gonorrhoea 208.","https://digital.nls.uk/","MD1885"
"WA-0265","MD1876","Madras Lock Hospital Reports","Colonial Medical Annual Lock Hospital Report","Madras Presidency","Secunderabad","British India",1885,NA,NA,NA,NA,369.4,NA,NA,NA,489,NA,627,NA,NA,NA,NA,"Avg registered 369.40; syphilis 489; gonorrhoea 627.","https://digital.nls.uk/","MD1885"
"WA-0266","MD1876","Madras Lock Hospital Reports","Colonial Medical Annual Lock Hospital Report","Madras Presidency","Wellington","British India",1885,NA,NA,NA,NA,39.1,NA,NA,NA,19,NA,43,NA,NA,NA,NA,"Avg registered 39.10; syphilis 19; gonorrhoea 43.","https://digital.nls.uk/","MD1885"
"WA-0267","MD1876","Madras Lock Hospital Reports","Colonial Medical Annual Lock Hospital Report","Madras Presidency","Madras","British India",1885,NA,NA,NA,NA,NA,NA,NA,NA,418,NA,542,NA,NA,NA,NA,"Civil lock hospital; syphilis 418; gonorrhoea 542.","https://digital.nls.uk/","MD1885"
"WA-0268","MD1876","Madras Lock Hospital Reports","Colonial Medical Annual Lock Hospital Report","Madras Presidency","Rangoon","India (British Burma)",1885,NA,NA,NA,NA,NA,NA,NA,NA,279,NA,329,NA,NA,NA,NA,"Civil lock hospital; syphilis 279; gonorrhoea 329.","https://digital.nls.uk/","MD1885"
"WA-0269","MD1876","Madras Lock Hospital Reports","Colonial Medical Annual Lock Hospital Report","Madras Presidency","Bangalore","British India",1886,NA,NA,NA,NA,82.58,NA,NA,NA,NA,NA,NA,NA,NA,NA,333,"Average registered 82.58; 333 examined for disease.","https://digital.nls.uk/","MD1886"
"WA-0270","MD1876","Madras Lock Hospital Reports","Colonial Medical Annual Lock Hospital Report","Madras Presidency","Bellary","British India",1886,NA,NA,NA,NA,75.69,NA,NA,NA,NA,NA,NA,NA,NA,NA,359,"Average registered 75.69; 359 examined for disease.","https://digital.nls.uk/","MD1886"
"WA-0271","MD1876","Madras Lock Hospital Reports","Colonial Medical Annual Lock Hospital Report","Madras Presidency","Belgaum","British India",1886,NA,NA,NA,NA,124.77,NA,NA,NA,NA,NA,NA,NA,NA,NA,263,"Average registered 124.77; 263 examined for disease.","https://digital.nls.uk/","MD1886"
"WA-0272","MD1876","Madras Lock Hospital Reports","Colonial Medical Annual Lock Hospital Report","Madras Presidency","Cannanore","British India",1886,NA,NA,NA,NA,15.46,NA,NA,NA,NA,NA,NA,NA,NA,NA,80,"Average registered 15.46; 80 examined for disease.","https://digital.nls.uk/","MD1886"
"WA-0273","MD1876","Madras Lock Hospital Reports","Colonial Medical Annual Lock Hospital Report","Madras Presidency","Kamptee","British India",1886,NA,NA,NA,NA,49.12,NA,NA,NA,NA,NA,NA,NA,NA,NA,35,"Average registered 49.12; 35 examined for disease.","https://digital.nls.uk/","MD1886"
"WA-0274","MD1876","Madras Lock Hospital Reports","Colonial Medical Annual Lock Hospital Report","Madras Presidency","St. Thomas' Mount (Pallavaram & Poonamallee)","British India",1886,NA,5,7,28,28.09,32,2,3,5,1,11,NA,NA,2,139,"End of year 30; added 5, removed 7 (2 deaths, 5 absconded), end 28. Non-attendance 32 (2 fined, 3 imprisoned). Diseases: Primary syphilis 5, Secondary syphilis 1, Gonorrhoea 11.","https://digital.nls.uk/","MD1886"
"WA-0275","MD1876","Madras Lock Hospital Reports","Colonial Medical Annual Lock Hospital Report","Madras Presidency","Secunderabad","British India",1886,NA,NA,NA,NA,292.06,NA,NA,NA,NA,NA,NA,NA,NA,NA,759,"Average registered 292.06; 759 examined for disease.","https://digital.nls.uk/","MD1886"
"WA-0276","MD1876","Madras Lock Hospital Reports","Colonial Medical Annual Lock Hospital Report","Madras Presidency","Wellington","British India",1886,NA,NA,NA,NA,31.95,NA,NA,NA,NA,NA,NA,NA,NA,NA,103,"Average registered 31.95; 103 examined for disease.","https://digital.nls.uk/","MD1886"
"WA-0277","MD1876","Madras Lock Hospital Reports","Colonial Medical Annual Lock Hospital Report","Madras Presidency","Bangalore","British India",1887,NA,NA,NA,NA,85.1,NA,NA,NA,390,NA,301,NA,NA,NA,NA,"Average registered 85.10; primary syphilis 390; gonorrhoea 301.","https://digital.nls.uk/","MD1887"
"WA-0278","MD1876","Madras Lock Hospital Reports","Colonial Medical Annual Lock Hospital Report","Madras Presidency","Bellary","British India",1887,NA,NA,NA,NA,74.2,NA,NA,NA,248,NA,320,NA,NA,NA,NA,"Average registered 74.20; syphilis 248; gonorrhoea 320.","https://digital.nls.uk/","MD1887"
"WA-0279","MD1876","Madras Lock Hospital Reports","Colonial Medical Annual Lock Hospital Report","Madras Presidency","Belgaum","British India",1887,NA,NA,NA,NA,120.45,NA,NA,NA,275,NA,255,NA,NA,NA,NA,"Average registered 120.45; syphilis 275; gonorrhoea 255.","https://digital.nls.uk/","MD1887"
"WA-0280","MD1876","Madras Lock Hospital Reports","Colonial Medical Annual Lock Hospital Report","Madras Presidency","Cannanore","British India",1887,NA,NA,NA,NA,16.3,NA,NA,NA,53,NA,46,NA,NA,NA,NA,"Average registered 16.30; syphilis 53; gonorrhoea 46.","https://digital.nls.uk/","MD1887"
"WA-0281","MD1876","Madras Lock Hospital Reports","Colonial Medical Annual Lock Hospital Report","Madras Presidency","Kamptee","British India",1887,NA,NA,NA,NA,47.8,NA,NA,NA,29,NA,33,NA,NA,NA,NA,"Average registered 47.80; syphilis 29; gonorrhoea 33.","https://digital.nls.uk/","MD1887"
"WA-0282","MD1876","Madras Lock Hospital Reports","Colonial Medical Annual Lock Hospital Report","Madras Presidency","St. Thomas' Mount","British India",1887,NA,NA,NA,NA,29.15,NA,NA,NA,18,NA,215,NA,NA,NA,NA,"Average registered 29.15; syphilis 18; gonorrhoea 215.","https://digital.nls.uk/","MD1887"
"WA-0283","MD1876","Madras Lock Hospital Reports","Colonial Medical Annual Lock Hospital Report","Madras Presidency","Secunderabad","British India",1887,NA,NA,NA,NA,295.4,NA,NA,NA,500,NA,640,NA,NA,NA,NA,"Average registered 295.40; syphilis 500; gonorrhoea 640.","https://digital.nls.uk/","MD1887"
"WA-0284","MD1876","Madras Lock Hospital Reports","Colonial Medical Annual Lock Hospital Report","Madras Presidency","Wellington","British India",1887,NA,NA,NA,NA,32.8,NA,NA,NA,23,NA,40,NA,NA,NA,NA,"Average registered 32.80; syphilis 23; gonorrhoea 40.","https://digital.nls.uk/","MD1887"
"WA-0285","MD1876","Madras Lock Hospital Reports","Colonial Medical Annual Lock Hospital Report","Madras Presidency","Madras","British India",1887,NA,NA,NA,NA,NA,NA,NA,NA,430,NA,550,NA,NA,NA,NA,"Civil lock hospital; syphilis 430; gonorrhoea 550.","https://digital.nls.uk/","MD1887"
"WA-0286","MD1876","Madras Lock Hospital Reports","Colonial Medical Annual Lock Hospital Report","Madras Presidency","Rangoon","India (British Burma)",1887,NA,NA,NA,NA,NA,NA,NA,NA,290,NA,335,NA,NA,NA,NA,"Civil lock hospital; syphilis 290; gonorrhoea 335.","https://digital.nls.uk/","MD1887"
"WA-0287","MD1876","Madras Lock Hospital Reports","Colonial Medical Annual Lock Hospital Report","Madras Presidency","Bangalore","British India",1888,NA,NA,NA,NA,83.5,NA,NA,NA,400,NA,298,NA,NA,NA,NA,"Average registered 83.50; primary syphilis 400; gonorrhoea 298.","https://digital.nls.uk/","MD1888"
"WA-0288","MD1876","Madras Lock Hospital Reports","Colonial Medical Annual Lock Hospital Report","Madras Presidency","Bellary","British India",1888,NA,NA,NA,NA,72.6,NA,NA,NA,242,NA,315,NA,NA,NA,NA,"Average registered 72.60; syphilis 242; gonorrhoea 315.","https://digital.nls.uk/","MD1888"
"WA-0289","MD1876","Madras Lock Hospital Reports","Colonial Medical Annual Lock Hospital Report","Madras Presidency","Belgaum","British India",1888,NA,NA,NA,NA,122.9,NA,NA,NA,268,NA,260,NA,NA,NA,NA,"Average registered 122.90; syphilis 268; gonorrhoea 260.","https://digital.nls.uk/","MD1888"
"WA-0290","MD1876","Madras Lock Hospital Reports","Colonial Medical Annual Lock Hospital Report","Madras Presidency","Cannanore","British India",1888,NA,NA,NA,NA,17.2,NA,NA,NA,55,NA,44,NA,NA,NA,NA,"Average registered 17.20; syphilis 55; gonorrhoea 44.","https://digital.nls.uk/","MD1888"
"WA-0291","MD1876","Madras Lock Hospital Reports","Colonial Medical Annual Lock Hospital Report","Madras Presidency","Kamptee","British India",1888,NA,NA,NA,NA,48.7,NA,NA,NA,30,NA,31,NA,NA,NA,NA,"Average registered 48.70; syphilis 30; gonorrhoea 31.","https://digital.nls.uk/","MD1888"
"WA-0292","MD1876","Madras Lock Hospital Reports","Colonial Medical Annual Lock Hospital Report","Madras Presidency","St. Thomas' Mount","British India",1888,NA,NA,NA,NA,30.1,NA,NA,NA,19,NA,212,NA,NA,NA,NA,"Average registered 30.10; syphilis 19; gonorrhoea 212.","https://digital.nls.uk/","MD1888"
"WA-0293","MD1876","Madras Lock Hospital Reports","Colonial Medical Annual Lock Hospital Report","Madras Presidency","Secunderabad","British India",1888,NA,NA,NA,NA,296.8,NA,NA,NA,495,NA,635,NA,NA,NA,NA,"Average registered 296.80; syphilis 495; gonorrhoea 635.","https://digital.nls.uk/","MD1888"
"WA-0294","MD1876","Madras Lock Hospital Reports","Colonial Medical Annual Lock Hospital Report","Madras Presidency","Wellington","British India",1888,NA,NA,NA,NA,33.4,NA,NA,NA,22,NA,42,NA,NA,NA,NA,"Average registered 33.40; syphilis 22; gonorrhoea 42.","https://digital.nls.uk/","MD1888"
"WA-0295","MD1876","Madras Lock Hospital Reports","Colonial Medical Annual Lock Hospital Report","Madras Presidency","Madras","British India",1888,NA,NA,NA,NA,NA,NA,NA,NA,425,NA,560,NA,NA,NA,NA,"Civil lock hospital; syphilis 425; gonorrhoea 560.","https://digital.nls.uk/","MD1888"
"WA-0296","MD1876","Madras Lock Hospital Reports","Colonial Medical Annual Lock Hospital Report","Madras Presidency","Rangoon","India (British Burma)",1888,NA,NA,NA,NA,NA,NA,NA,NA,288,NA,330,NA,NA,NA,NA,"Civil lock hospital; syphilis 288; gonorrhoea 330.","https://digital.nls.uk/","MD1888"
"WA-0297","MD1876","Madras Lock Hospital Reports","Colonial Medical Annual Lock Hospital Report","Madras Presidency","Bangalore","British India",1889,NA,NA,NA,NA,84.2,NA,NA,NA,410,NA,305,NA,NA,NA,NA,"Average registered 84.20; primary syphilis 410; gonorrhoea 305.","https://digital.nls.uk/","MD1889"
"WA-0298","MD1876","Madras Lock Hospital Reports","Colonial Medical Annual Lock Hospital Report","Madras Presidency","Bellary","British India",1889,NA,NA,NA,NA,73.1,NA,NA,NA,250,NA,318,NA,NA,NA,NA,"Average registered 73.10; syphilis 250; gonorrhoea 318.","https://digital.nls.uk/","MD1889"
"WA-0299","MD1876","Madras Lock Hospital Reports","Colonial Medical Annual Lock Hospital Report","Madras Presidency","Belgaum","British India",1889,NA,NA,NA,NA,121.6,NA,NA,NA,270,NA,262,NA,NA,NA,NA,"Average registered 121.60; syphilis 270; gonorrhoea 262.","https://digital.nls.uk/","MD1889"
"WA-0300","MD1876","Madras Lock Hospital Reports","Colonial Medical Annual Lock Hospital Report","Madras Presidency","Cannanore","British India",1889,NA,NA,NA,NA,17.8,NA,NA,NA,57,NA,47,NA,NA,NA,NA,"Average registered 17.80; syphilis 57; gonorrhoea 47.","https://digital.nls.uk/","MD1889"
"WA-0301","MD1876","Madras Lock Hospital Reports","Colonial Medical Annual Lock Hospital Report","Madras Presidency","Kamptee","British India",1889,NA,NA,NA,NA,49,NA,NA,NA,32,NA,34,NA,NA,NA,NA,"Average registered 49.00; syphilis 32; gonorrhoea 34.","https://digital.nls.uk/","MD1889"
"WA-0302","MD1876","Madras Lock Hospital Reports","Colonial Medical Annual Lock Hospital Report","Madras Presidency","St. Thomas' Mount","British India",1889,NA,NA,NA,NA,30.4,NA,NA,NA,21,NA,210,NA,NA,NA,NA,"Average registered 30.40; syphilis 21; gonorrhoea 210.","https://digital.nls.uk/","MD1889"
"WA-0303","MD1876","Madras Lock Hospital Reports","Colonial Medical Annual Lock Hospital Report","Madras Presidency","Secunderabad","British India",1889,NA,NA,NA,NA,297.2,NA,NA,NA,502,NA,642,NA,NA,NA,NA,"Average registered 297.20; syphilis 502; gonorrhoea 642.","https://digital.nls.uk/","MD1889"
"WA-0304","MD1876","Madras Lock Hospital Reports","Colonial Medical Annual Lock Hospital Report","Madras Presidency","Wellington","British India",1889,NA,NA,NA,NA,34.1,NA,NA,NA,24,NA,43,NA,NA,NA,NA,"Average registered 34.10; syphilis 24; gonorrhoea 43.","https://digital.nls.uk/","MD1889"
"WA-0305","MD1876","Madras Lock Hospital Reports","Colonial Medical Annual Lock Hospital Report","Madras Presidency","Madras","British India",1889,NA,NA,NA,NA,NA,NA,NA,NA,428,NA,565,NA,NA,NA,NA,"Civil lock hospital; syphilis 428; gonorrhoea 565.","https://digital.nls.uk/","MD1889"
"WA-0306","MD1876","Madras Lock Hospital Reports","Colonial Medical Annual Lock Hospital Report","Madras Presidency","Rangoon","India (British Burma)",1889,NA,NA,NA,NA,NA,NA,NA,NA,292,NA,338,NA,NA,NA,NA,"Civil lock hospital; syphilis 292; gonorrhoea 338.","https://digital.nls.uk/","MD1889"
