unique_id,doc_id,source_name,source_type,region,station,country,year,women_start_register,women_added,fined_count,imprisonment_count,discharges,deaths,non_attendance_cases,disease_primary_syphilis,disease_secondary_syphilis,disease_gonorrhoea,disease_leucorrhoea,side_notes,women_removed,women_end_register,avg_registered
WA-0009,NWPO-1878,"Fifth annual report of the working of the lock-hospitals in the North-Western Provinces and Oudh","Colonial Medical Annual Lock Hospital Report","North-Western Provinces & Oudh",Agra,"British India",1878,,,0,0,0,0,0,0,0,0,0,0,0,0,0.0
WA-0026,NWPO-1878,"Fifth annual report of the working of the lock-hospitals in the North-Western Provinces and Oudh","Colonial Medical Annual Lock Hospital Report","North-Western Provinces & Oudh",Agra,"British India",1879,,241,0,0,0,0,0,0,0,0,0,0,0,241,120.5
,,,,"North-Western Provinces & Oudh",Agra,"British India",1880,116.3,196,0,0,0,0,0,0,0,0,0,0,0,312.3,214.3
,,,,"North-Western Provinces & Oudh",Agra,"British India",1881,130.8,227,0,0,0,0,0,0,0,0,0,0,0,357.8,244.3
,,,,"North-Western Provinces & Oudh",Agra,"British India",1882,126.11,199,0,0,0,0,0,0,0,0,0,0,0,325.11,225.61
WA-0171,BB1886,"Burma Lock Hospitals Report","Colonial Medical Annual Lock Hospital Report","British Burma Division",Akyab,"British Burma",1873,50,18,0,0,0,0,0,0,0,0,0,0,0,68,59.0
WA-0101,BB1886,"Burma Annual Report 1875","Colonial Medical Annual Lock Hospital Report","British Burma Division",Akyab,"British India",1875,50,28,0,0,0,0,0,0,0,0,0,0,0,78,64.0
WA-0108,BB1886,"Burma Lock Hospital Report","Colonial Medical Annual Lock Hospital Report","British Burma Division",Akyab,"British Burma",1876,50,28,0,0,0,0,0,0,0,0,0,0,0,78,64.0
WA-0116,BB1886,"Burma Lock Hospital Report","Colonial Medical Annual Lock Hospital Report","British Burma Division",Akyab,"British Burma",1877,45,44,0,0,0,0,0,0,0,0,0,0,0,89,67.0
WA-0124,BB1886,"Burma Lock Hospital Report","Colonial Medical Annual Lock Hospital Report","British Burma Division",Akyab,"British Burma",1878,65,47,0,0,0,0,0,0,0,0,0,0,0,112,88.5
WA-0131,BB1886,"Burma Lock Hospital Report","Colonial Medical Annual Lock Hospital Report","British Burma Division",Akyab,"British Burma",1880,45,38,0,0,0,0,0,0,0,0,0,0,0,83,64.0
WA-0146,BB1886,"Burma Lock Hospital Report","Colonial Medical Annual Lock Hospital Report","British Burma Division",Akyab,"British Burma",1883,44,,0,0,0,0,0,0,0,0,0,0,0,44,44.0
WA-0154,BB1886,"Burma Lock Hospital Report","Colonial Medical Annual Lock Hospital Report","British Burma Division",Akyab,"British Burma",1884,44,22,0,0,0,0,0,0,0,0,0,0,0,66,55.0
WA-0160,BB1886,"Burma Lock Hospital Report","Colonial Medical Annual Lock Hospital Report","British Burma Division",Akyab,"British Burma",1885,41,21,0,0,0,0,0,0,0,0,0,0,0,62,51.5
WA-0165,BB1886,"Burma Lock Hospital Report","Colonial Medical Annual Lock Hospital Report","British Burma Division",Akyab,"British Burma",1886,41,21,0,0,0,0,0,0,0,0,0,0,0,62,51.5
WA-0005,NWPO-1878,"Fifth annual report of the working of the lock-hospitals in the North-Western Provinces and Oudh","Colonial Medical Annual Lock Hospital Report","North-Western Provinces & Oudh",Allahabad,"British India",1878,,,0,0,0,0,0,0,0,0,0,0,0,0,0.0
WA-0021,NWPO-1878,"Fifth annual report of the working of the lock-hospitals in the North-Western Provinces and Oudh","Colonial Medical Annual Lock Hospital Report","North-Western Provinces & Oudh",Allahabad,"British India",1879,170,86,0,0,0,0,0,0,0,0,0,0,0,256,213.0
,,,,"North-Western Provinces & Oudh",Allahabad,"British India",1880,157,193,0,0,0,0,0,0,0,0,0,0,0,350,253.5
,,,,"North-Western Provinces & Oudh",Allahabad,"British India",1881,137.2,177,0,0,0,0,0,0,0,0,0,0,0,314.2,225.7
,,,,"North-Western Provinces & Oudh",Allahabad,"British India",1882,100.58,134,0,0,0,0,0,0,0,0,0,0,0,234.58,167.58
WA-0045,PB1887,"Punjab Lock Hospital Report","Colonial Medical Annual Lock Hospital Report",Punjab,Attock,"British India",1887,,,0,0,0,0,0,0,0,0,0,0,0,0,0.0
WA-0077,PB1887,"Punjab Lock Hospital Report","Colonial Medical Annual Lock Hospital Report",Punjab,Attock,"British India",1888,,,0,0,0,0,0,0,0,0,0,0,0,0,0.0
WA-0061,PB1887,"Punjab Lock Hospital Report","Colonial Medical Annual Lock Hospital Report",Punjab,Attock,"British India",1889,,,0,0,0,0,0,0,0,0,0,0,0,0,0.0
WA-0177,MD1876,"Madras Lock Hospital Reports","Colonial Medical Annual Lock Hospital Report","Madras Presidency",Bangalore,"British India",1877,,82,0,0,0,0,0,0,0,0,0,0,0,82,41.0
WA-0190,MD1876,"Madras Lock Hospital Reports","Colonial Medical Annual Lock Hospital Report","Madras Presidency",Bangalore,"British India",1878,,64,0,0,0,0,0,0,0,0,0,0,0,64,32.0
WA-0203,MD1876,"Madras Lock Hospital Reports","Colonial Medical Annual Lock Hospital Report","Madras Presidency",Bangalore,"British India",1879,,70,0,0,0,0,0,0,0,0,0,0,0,70,35.0
WA-0219,MD1876,"Madras Lock Hospital Reports","Colonial Medical Annual Lock Hospital Report","Madras Presidency",Bangalore,"British India",1880,,,0,0,0,0,0,0,0,0,0,0,0,0,0.0
WA-0226,MD1876,"Madras Lock Hospital Reports","Colonial Medical Annual Lock Hospital Report","Madras Presidency",Bangalore,"British India",1881,,,0,0,0,0,0,0,0,0,0,0,0,0,0.0
WA-0233,MD1876,"Madras Lock Hospital Reports","Colonial Medical Annual Lock Hospital Report","Madras Presidency",Bangalore,"British India",1882,85,18,0,0,0,0,0,0,0,0,0,0,0,103,94.0
WA-0242,MD1876,"Madras Lock Hospital Reports","Colonial Medical Annual Lock Hospital Report","Madras Presidency",Bangalore,"British India",1883,,,0,0,0,0,0,0,0,0,0,0,0,0,0.0
WA-0251,MD1876,"Madras Lock Hospital Reports","Colonial Medical Annual Lock Hospital Report","Madras Presidency",Bangalore,"British India",1884,,,0,0,0,0,0,0,0,0,0,0,0,0,0.0
WA-0260,MD1876,"Madras Lock Hospital Reports","Colonial Medical Annual Lock Hospital Report","Madras Presidency",Bangalore,"British India",1885,,,0,0,0,0,0,0,0,0,0,0,0,0,0.0
WA-0269,MD1876,"Madras Lock Hospital Reports","Colonial Medical Annual Lock Hospital Report","Madras Presidency",Bangalore,"British India",1886,,,0,0,0,0,0,0,0,0,0,0,0,0,0.0
WA-0277,MD1876,"Madras Lock Hospital Reports","Colonial Medical Annual Lock Hospital Report","Madras Presidency",Bangalore,"British India",1887,,,0,0,0,0,0,0,0,0,0,0,0,0,0.0
WA-0287,MD1876,"Madras Lock Hospital Reports","Colonial Medical Annual Lock Hospital Report","Madras Presidency",Bangalore,"British India",1888,,,0,0,0,0,0,0,0,0,0,0,0,0,0.0
WA-0297,MD1876,"Madras Lock Hospital Reports","Colonial Medical Annual Lock Hospital Report","Madras Presidency",Bangalore,"British India",1889,,,0,0,0,0,0,0,0,0,0,0,0,0,0.0
WA-0010,NWPO-1878,"Fifth annual report of the working of the lock-hospitals in the North-Western Provinces and Oudh","Colonial Medical Annual Lock Hospital Report","North-Western Provinces & Oudh",Bareilly,"British India",1878,,,0,0,0,0,0,0,0,0,0,0,0,0,0.0
WA-0028,NWPO-1878,"Fifth annual report of the working of the lock-hospitals in the North-Western Provinces and Oudh","Colonial Medical Annual Lock Hospital Report","North-Western Provinces & Oudh",Bareilly,"British India",1879,,109,0,0,0,0,0,0,0,0,0,0,0,109,54.5
,,,,"North-Western Provinces & Oudh",Bareilly,"British India",1880,118.3,205,0,0,0,0,0,0,0,0,0,0,0,323.3,220.8
,,,,"North-Western Provinces & Oudh",Bareilly,"British India",1881,113.2,205,0,0,0,0,0,0,0,0,0,0,0,318.2,215.7
,,,,"North-Western Provinces & Oudh",Bareilly,"British India",1882,108.75,166,0,0,0,0,0,0,0,0,0,0,0,274.75,191.75
WA-0168,BB1886,"Burma Lock Hospitals Report","Colonial Medical Annual Lock Hospital Report","British Burma Division",Bassein,"British Burma",1873,9,10,0,0,0,0,0,0,0,0,0,0,0,19,14.0
WA-0098,BB1886,"Burma Annual Report 1875","Colonial Medical Annual Lock Hospital Report","British Burma Division",Bassein,"British India",1875,14,6,0,0,0,0,0,0,0,0,0,0,0,20,17.0
WA-0105,BB1886,"Burma Lock Hospital Report","Colonial Medical Annual Lock Hospital Report","British Burma Division",Bassein,"British Burma",1876,14,6,0,0,0,0,0,0,0,0,0,0,0,20,17.0
WA-0114,BB1886,"Burma Lock Hospital Report","Colonial Medical Annual Lock Hospital Report","British Burma Division",Bassein,"British Burma",1877,15,22,0,0,0,0,0,0,0,0,0,0,0,37,26.0
WA-0120,BB1886,"Burma Lock Hospital Report","Colonial Medical Annual Lock Hospital Report","British Burma Division",Bassein,"British Burma",1878,22,17,0,0,0,0,0,0,0,0,0,0,0,39,30.5
WA-0136,BB1886,"Burma Lock Hospital Report","Colonial Medical Annual Lock Hospital Report","British Burma Division",Bassein,"British Burma",1879,22,36,0,0,0,0,0,0,0,0,0,0,0,58,40.0
WA-0128,BB1886,"Burma Lock Hospital Report","Colonial Medical Annual Lock Hospital Report","British Burma Division",Bassein,"British Burma",1880,32,16,0,0,0,0,0,0,0,0,0,0,0,48,40.0
,,,,"British Burma Division",Bassein,"British Burma",1881,27,15,0,0,0,0,0,0,0,0,0,0,0,42,34.5
WA-0142,BB1886,"Burma Lock Hospital Report","Colonial Medical Annual Lock Hospital Report","British Burma Division",Bassein,"British Burma",1882,32,19,0,0,0,0,0,0,0,0,0,0,0,51,41.5
WA-0147,BB1886,"Burma Lock Hospital Report","Colonial Medical Annual Lock Hospital Report","British Burma Division",Bassein,"British Burma",1883,26,,0,0,0,0,0,0,0,0,0,0,0,26,26.0
WA-0152,BB1886,"Burma Lock Hospital Report","Colonial Medical Annual Lock Hospital Report","British Burma Division",Bassein,"British Burma",1884,26,19,0,0,0,0,0,0,0,0,0,0,0,45,35.5
WA-0158,BB1886,"Burma Lock Hospital Report","Colonial Medical Annual Lock Hospital Report","British Burma Division",Bassein,"British Burma",1885,23,19,0,0,0,0,0,0,0,0,0,0,0,42,32.5
WA-0163,BB1886,"Burma Lock Hospital Report","Colonial Medical Annual Lock Hospital Report","British Burma Division",Bassein,"British Burma",1886,25,17,0,0,0,0,0,0,0,0,0,0,0,42,33.5
WA-0271,MD1876,"Madras Lock Hospital Reports","Colonial Medical Annual Lock Hospital Report","Madras Presidency",Belgaum,"British India",1886,,,0,0,0,0,0,0,0,0,0,0,0,0,0.0
WA-0279,MD1876,"Madras Lock Hospital Reports","Colonial Medical Annual Lock Hospital Report","Madras Presidency",Belgaum,"British India",1887,,,0,0,0,0,0,0,0,0,0,0,0,0,0.0
WA-0289,MD1876,"Madras Lock Hospital Reports","Colonial Medical Annual Lock Hospital Report","Madras Presidency",Belgaum,"British India",1888,,,0,0,0,0,0,0,0,0,0,0,0,0,0.0
WA-0299,MD1876,"Madras Lock Hospital Reports","Colonial Medical Annual Lock Hospital Report","Madras Presidency",Belgaum,"British India",1889,,,0,0,0,0,0,0,0,0,0,0,0,0,0.0
WA-0178,MD1876,"Madras Lock Hospital Reports","Colonial Medical Annual Lock Hospital Report","Madras Presidency",Bellary,"British India",1877,,99,0,0,0,0,0,0,0,0,0,0,0,99,49.5
WA-0191,MD1876,"Madras Lock Hospital Reports","Colonial Medical Annual Lock Hospital Report","Madras Presidency",Bellary,"British India",1878,,93,0,0,0,0,0,0,0,0,0,0,0,93,46.5
WA-0204,MD1876,"Madras Lock Hospital Reports","Colonial Medical Annual Lock Hospital Report","Madras Presidency",Bellary,"British India",1879,,88,0,0,0,0,0,0,0,0,0,0,0,88,44.0
WA-0217,MD1876,"Madras Lock Hospital Reports","Colonial Medical Annual Lock Hospital Report","Madras Presidency",Bellary,"British India",1880,,,0,0,0,0,0,0,0,0,0,0,0,0,0.0
WA-0227,MD1876,"Madras Lock Hospital Reports","Colonial Medical Annual Lock Hospital Report","Madras Presidency",Bellary,"British India",1881,,,0,0,0,0,0,0,0,0,0,0,0,0,0.0
WA-0234,MD1876,"Madras Lock Hospital Reports","Colonial Medical Annual Lock Hospital Report","Madras Presidency",Bellary,"British India",1882,75,27,0,0,0,0,0,0,0,0,0,0,0,102,88.5
WA-0243,MD1876,"Madras Lock Hospital Reports","Colonial Medical Annual Lock Hospital Report","Madras Presidency",Bellary,"British India",1883,,,0,0,0,0,0,0,0,0,0,0,0,0,0.0
WA-0252,MD1876,"Madras Lock Hospital Reports","Colonial Medical Annual Lock Hospital Report","Madras Presidency",Bellary,"British India",1884,,,0,0,0,0,0,0,0,0,0,0,0,0,0.0
WA-0261,MD1876,"Madras Lock Hospital Reports","Colonial Medical Annual Lock Hospital Report","Madras Presidency",Bellary,"British India",1885,,,0,0,0,0,0,0,0,0,0,0,0,0,0.0
WA-0270,MD1876,"Madras Lock Hospital Reports","Colonial Medical Annual Lock Hospital Report","Madras Presidency",Bellary,"British India",1886,,,0,0,0,0,0,0,0,0,0,0,0,0,0.0
WA-0278,MD1876,"Madras Lock Hospital Reports","Colonial Medical Annual Lock Hospital Report","Madras Presidency",Bellary,"British India",1887,,,0,0,0,0,0,0,0,0,0,0,0,0,0.0
WA-0288,MD1876,"Madras Lock Hospital Reports","Colonial Medical Annual Lock Hospital Report","Madras Presidency",Bellary,"British India",1888,,,0,0,0,0,0,0,0,0,0,0,0,0,0.0
WA-0298,MD1876,"Madras Lock Hospital Reports","Colonial Medical Annual Lock Hospital Report","Madras Presidency",Bellary,"British India",1889,,,0,0,0,0,0,0,0,0,0,0,0,0,0.0
WA-0011,NWPO-1878,"Fifth annual report of the working of the lock-hospitals in the North-Western Provinces and Oudh","Colonial Medical Annual Lock Hospital Report","North-Western Provinces & Oudh",Benares,"British India",1878,,,0,0,0,0,0,0,0,0,0,0,0,0,0.0
WA-0030,NWPO-1878,"Fifth annual report of the working of the lock-hospitals in the North-Western Provinces and Oudh","Colonial Medical Annual Lock Hospital Report","North-Western Provinces & Oudh",Benares,"British India",1879,,118,0,0,0,0,0,0,0,0,0,0,0,118,59.0
,,,,"North-Western Provinces & Oudh",Benares,"British India",1880,68.8,100,0,0,0,0,0,0,0,0,0,0,0,168.8,118.8
,,,,"North-Western Provinces & Oudh",Benares,"British India",1881,55.8,76,0,0,0,0,0,0,0,0,0,0,0,131.8,93.8
,,,,"North-Western Provinces & Oudh",Benares,"British India",1882,40,74,0,0,0,0,0,0,0,0,0,0,0,114,77.0
WA-0179,MD1876,"Madras Lock Hospital Reports","Colonial Medical Annual Lock Hospital Report","Madras Presidency",Cannanore,"British India",1877,49,,0,0,0,0,0,0,0,0,0,0,0,49,49.0
WA-0192,MD1876,"Madras Lock Hospital Reports","Colonial Medical Annual Lock Hospital Report","Madras Presidency",Cannanore,"British India",1878,,14,0,0,0,0,0,0,0,0,0,0,0,14,7.0
WA-0205,MD1876,"Madras Lock Hospital Reports","Colonial Medical Annual Lock Hospital Report","Madras Presidency",Cannanore,"British India",1879,,,0,0,0,0,0,0,0,0,0,0,0,0,0.0
WA-0216,MD1876,"Madras Lock Hospital Reports","Colonial Medical Annual Lock Hospital Report","Madras Presidency",Cannanore,"British India",1880,55,20,0,0,0,0,0,0,0,0,0,0,0,75,65.0
WA-0228,MD1876,"Madras Lock Hospital Reports","Colonial Medical Annual Lock Hospital Report","Madras Presidency",Cannanore,"British India",1881,,,0,0,0,0,0,0,0,0,0,0,0,0,0.0
WA-0235,MD1876,"Madras Lock Hospital Reports","Colonial Medical Annual Lock Hospital Report","Madras Presidency",Cannanore,"British India",1882,33,19,0,0,0,0,0,0,0,0,0,0,0,52,42.5
WA-0244,MD1876,"Madras Lock Hospital Reports","Colonial Medical Annual Lock Hospital Report","Madras Presidency",Cannanore,"British India",1883,,,0,0,0,0,0,0,0,0,0,0,0,0,0.0
WA-0253,MD1876,"Madras Lock Hospital Reports","Colonial Medical Annual Lock Hospital Report","Madras Presidency",Cannanore,"British India",1884,,,0,0,0,0,0,0,0,0,0,0,0,0,0.0
WA-0262,MD1876,"Madras Lock Hospital Reports","Colonial Medical Annual Lock Hospital Report","Madras Presidency",Cannanore,"British India",1885,,,0,0,0,0,0,0,0,0,0,0,0,0,0.0
WA-0272,MD1876,"Madras Lock Hospital Reports","Colonial Medical Annual Lock Hospital Report","Madras Presidency",Cannanore,"British India",1886,,,0,0,0,0,0,0,0,0,0,0,0,0,0.0
WA-0280,MD1876,"Madras Lock Hospital Reports","Colonial Medical Annual Lock Hospital Report","Madras Presidency",Cannanore,"British India",1887,,,0,0,0,0,0,0,0,0,0,0,0,0,0.0
WA-0290,MD1876,"Madras Lock Hospital Reports","Colonial Medical Annual Lock Hospital Report","Madras Presidency",Cannanore,"British India",1888,,,0,0,0,0,0,0,0,0,0,0,0,0,0.0
WA-0300,MD1876,"Madras Lock Hospital Reports","Colonial Medical Annual Lock Hospital Report","Madras Presidency",Cannanore,"British India",1889,,,0,0,0,0,0,0,0,0,0,0,0,0,0.0
WA-0006,NWPO-1878,"Fifth annual report of the working of the lock-hospitals in the North-Western Provinces and Oudh","Colonial Medical Annual Lock Hospital Report","North-Western Provinces & Oudh",Cawnpore,"British India",1878,,,0,0,0,0,0,0,0,0,0,0,0,0,0.0
WA-0025,NWPO-1878,"Fifth annual report of the working of the lock-hospitals in the North-Western Provinces and Oudh","Colonial Medical Annual Lock Hospital Report","North-Western Provinces & Oudh",Cawnpore,"British India",1879,,245,0,0,0,0,0,0,0,0,0,0,0,245,122.5
,,,,"North-Western Provinces & Oudh",Cawnpore,"British India",1880,141,209,0,0,0,0,0,0,0,0,0,0,0,350,245.5
,,,,"North-Western Provinces & Oudh",Cawnpore,"British India",1881,108.3,162,0,0,0,0,0,0,0,0,0,0,0,270.3,189.3
,,,,"North-Western Provinces & Oudh",Cawnpore,"British India",1882,102.3,156,0,0,0,0,0,0,0,0,0,0,0,258.3,180.3
WA-0020,NWPO-1878,"Fifth annual report of the working of the lock-hospitals in the North-Western Provinces and Oudh","Colonial Medical Annual Lock Hospital Report","North-Western Provinces & Oudh",Chakrata,"British India",1878,,,0,0,0,0,0,0,0,0,0,0,0,0,0.0
,,,,"North-Western Provinces & Oudh",Chakrata,"British India",1880,14,22,0,0,0,0,0,0,0,0,0,0,0,36,25.0
,,,,"North-Western Provinces & Oudh",Chakrata,"British India",1881,18,35,0,0,0,0,0,0,0,0,0,0,0,53,35.5
,,,,"North-Western Provinces & Oudh",Chakrata,"British India",1882,30.5,42,0,0,0,0,0,0,0,0,0,0,0,72.5,51.5
WA-0035,PB1887,"Punjab Lock Hospital Report","Colonial Medical Annual Lock Hospital Report",Punjab,Dagshai,"British India",1887,30,5,0,0,0,0,0,0,0,0,0,0,0,35,32.5
WA-0067,PB1887,"Punjab Lock Hospital Report","Colonial Medical Annual Lock Hospital Report",Punjab,Dagshai,"British India",1888,28,2,0,0,0,0,0,0,0,0,0,0,0,30,29.0
WA-0051,PB1887,"Punjab Lock Hospital Report","Colonial Medical Annual Lock Hospital Report",Punjab,Dagshai,"British India",1889,29,2,0,0,0,0,0,0,0,0,0,0,0,31,30.0
WA-0042,PB1887,"Punjab Lock Hospital Report","Colonial Medical Annual Lock Hospital Report",Punjab,Dalhousie,"British India",1887,,,0,0,0,0,0,0,0,0,0,0,0,0,0.0
WA-0074,PB1887,"Punjab Lock Hospital Report","Colonial Medical Annual Lock Hospital Report",Punjab,Dalhousie,"British India",1888,,,0,0,0,0,0,0,0,0,0,0,0,0,0.0
WA-0058,PB1887,"Punjab Lock Hospital Report","Colonial Medical Annual Lock Hospital Report",Punjab,Dalhousie,"British India",1889,,,0,0,0,0,0,0,0,0,0,0,0,0,0.0
WA-0033,PB1887,"Punjab Lock Hospital Report","Colonial Medical Annual Lock Hospital Report",Punjab,Delhi,"British India",1887,76,21,0,0,0,0,0,0,0,0,0,0,0,97,86.5
WA-0065,PB1887,"Punjab Lock Hospital Report","Colonial Medical Annual Lock Hospital Report",Punjab,Delhi,"British India",1888,95,10,0,0,0,0,0,0,0,0,0,0,0,105,100.0
WA-0049,PB1887,"Punjab Lock Hospital Report","Colonial Medical Annual Lock Hospital Report",Punjab,Delhi,"British India",1889,92,8,0,0,0,0,0,0,0,0,0,0,0,100,96.0
,,,,"North-Western Provinces & Oudh",Fatehgarh,"British India",1880,27,41,0,0,0,0,0,0,0,0,0,0,0,68,47.5
,,,,"North-Western Provinces & Oudh",Fatehgarh,"British India",1881,23,42,0,0,0,0,0,0,0,0,0,0,0,65,44.0
,,,,"North-Western Provinces & Oudh",Fatehgarh,"British India",1882,35.19,56,0,0,0,0,0,0,0,0,0,0,0,91.19,63.19
WA-0039,PB1887,"Punjab Lock Hospital Report","Colonial Medical Annual Lock Hospital Report",Punjab,Ferozepore,"British India",1887,,,0,0,0,0,0,0,0,0,0,0,0,0,0.0
WA-0071,PB1887,"Punjab Lock Hospital Report","Colonial Medical Annual Lock Hospital Report",Punjab,Ferozepore,"British India",1888,,,0,0,0,0,0,0,0,0,0,0,0,0,0.0
WA-0055,PB1887,"Punjab Lock Hospital Report","Colonial Medical Annual Lock Hospital Report",Punjab,Ferozepore,"British India",1889,,,0,0,0,0,0,0,0,0,0,0,0,0,0.0
WA-0014,NWPO-1878,"Fifth annual report of the working of the lock-hospitals in the North-Western Provinces and Oudh","Colonial Medical Annual Lock Hospital Report","North-Western Provinces & Oudh",Fyzabad,"British India",1878,,,0,0,0,0,0,0,0,0,0,0,0,0,0.0
WA-0029,NWPO-1878,"Fifth annual report of the working of the lock-hospitals in the North-Western Provinces and Oudh","Colonial Medical Annual Lock Hospital Report","North-Western Provinces & Oudh",Fyzabad,"British India",1879,,131,0,0,0,0,0,0,0,0,0,0,0,131,65.5
,,,,"North-Western Provinces & Oudh",Fyzabad,"British India",1880,90.1,106,0,0,0,0,0,0,0,0,0,0,0,196.1,143.1
,,,,"North-Western Provinces & Oudh",Fyzabad,"British India",1881,76.1,90,0,0,0,0,0,0,0,0,0,0,0,166.1,121.1
,,,,"North-Western Provinces & Oudh",Fyzabad,"British India",1882,75.6,97,0,0,0,0,0,0,0,0,0,0,0,172.6,124.1
WA-0111,BB1886,"Burma Lock Hospital Report","Colonial Medical Annual Lock Hospital Report","British Burma Division",Henzada,"British Burma",1876,8,17,0,0,0,0,0,0,0,0,0,0,0,25,16.5
WA-0115,BB1886,"Burma Lock Hospital Report","Colonial Medical Annual Lock Hospital Report","British Burma Division",Henzada,"British Burma",1877,8,17,0,0,0,0,0,0,0,0,0,0,0,25,16.5
WA-0123,BB1886,"Burma Lock Hospital Report","Colonial Medical Annual Lock Hospital Report","British Burma Division",Henzada,"British Burma",1878,16,17,0,0,0,0,0,0,0,0,0,0,0,33,24.5
WA-0018,NWPO-1878,"Fifth annual report of the working of the lock-hospitals in the North-Western Provinces and Oudh","Colonial Medical Annual Lock Hospital Report","North-Western Provinces & Oudh",Jhansi,"British India",1878,,,0,0,0,0,0,0,0,0,0,0,0,0,0.0
,,,,"North-Western Provinces & Oudh",Jhansi,"British India",1880,24,49,0,0,0,0,0,0,0,0,0,0,0,73,48.5
,,,,"North-Western Provinces & Oudh",Jhansi,"British India",1881,15.31,28,0,0,0,0,0,0,0,0,0,0,0,43.31,29.31
,,,,"North-Western Provinces & Oudh",Jhansi,"British India",1882,14.21,23,0,0,0,0,0,0,0,0,0,0,0,37.21,25.71
WA-0038,PB1887,"Punjab Lock Hospital Report","Colonial Medical Annual Lock Hospital Report",Punjab,Jullundur,"British India",1887,,,0,0,0,0,0,0,0,0,0,0,0,0,0.0
WA-0070,PB1887,"Punjab Lock Hospital Report","Colonial Medical Annual Lock Hospital Report",Punjab,Jullundur,"British India",1888,,,0,0,0,0,0,0,0,0,0,0,0,0,0.0
WA-0054,PB1887,"Punjab Lock Hospital Report","Colonial Medical Annual Lock Hospital Report",Punjab,Jullundur,"British India",1889,,,0,0,0,0,0,0,0,0,0,0,0,0,0.0
,,,,"Central Provinces",Kamptee,"British India",1876,74.3,93,0,0,0,0,0,0,0,0,0,0,0,167.3,120.8
WA-0003,NLS-CP-1877," Annual report of the working of the lock-hospitals in the  Cental Provinces","Colonial Medical Annual Lock Hospital Report","Central Provinces",Kamptee,"British India",1877,65,13,0,0,0,0,0,0,0,0,0,0,0,78,71.5
WA-0193,MD1876,"Madras Lock Hospital Reports","Colonial Medical Annual Lock Hospital Report","Madras Presidency",Kamptee,"British India",1878,,33,0,0,0,0,0,0,0,0,0,0,0,33,16.5
WA-0206,MD1876,"Madras Lock Hospital Reports","Colonial Medical Annual Lock Hospital Report","Madras Presidency",Kamptee,"British India",1879,,31,0,0,0,0,0,0,0,0,0,0,0,31,15.5
WA-0220,MD1876,"Madras Lock Hospital Reports","Colonial Medical Annual Lock Hospital Report","Madras Presidency",Kamptee,"British India",1880,,,0,0,0,0,0,0,0,0,0,0,0,0,0.0
WA-0229,MD1876,"Madras Lock Hospital Reports","Colonial Medical Annual Lock Hospital Report","Madras Presidency",Kamptee,"British India",1881,,,0,0,0,0,0,0,0,0,0,0,0,0,0.0
WA-0236,MD1876,"Madras Lock Hospital Reports","Colonial Medical Annual Lock Hospital Report","Madras Presidency",Kamptee,"British India",1882,58,1,0,0,0,0,0,0,0,0,0,0,0,59,58.5
WA-0245,MD1876,"Madras Lock Hospital Reports","Colonial Medical Annual Lock Hospital Report","Madras Presidency",Kamptee,"British India",1883,,,0,0,0,0,0,0,0,0,0,0,0,0,0.0
WA-0254,MD1876,"Madras Lock Hospital Reports","Colonial Medical Annual Lock Hospital Report","Madras Presidency",Kamptee,"British India",1884,,,0,0,0,0,0,0,0,0,0,0,0,0,0.0
WA-0263,MD1876,"Madras Lock Hospital Reports","Colonial Medical Annual Lock Hospital Report","Madras Presidency",Kamptee,"British India",1885,,,0,0,0,0,0,0,0,0,0,0,0,0,0.0
WA-0273,MD1876,"Madras Lock Hospital Reports","Colonial Medical Annual Lock Hospital Report","Madras Presidency",Kamptee,"British India",1886,,,0,0,0,0,0,0,0,0,0,0,0,0,0.0
WA-0281,MD1876,"Madras Lock Hospital Reports","Colonial Medical Annual Lock Hospital Report","Madras Presidency",Kamptee,"British India",1887,,,0,0,0,0,0,0,0,0,0,0,0,0,0.0
WA-0291,MD1876,"Madras Lock Hospital Reports","Colonial Medical Annual Lock Hospital Report","Madras Presidency",Kamptee,"British India",1888,,,0,0,0,0,0,0,0,0,0,0,0,0,0.0
WA-0301,MD1876,"Madras Lock Hospital Reports","Colonial Medical Annual Lock Hospital Report","Madras Presidency",Kamptee,"British India",1889,,,0,0,0,0,0,0,0,0,0,0,0,0,0.0
WA-0036,PB1887,"Punjab Lock Hospital Report","Colonial Medical Annual Lock Hospital Report",Punjab,Kasauli,"British India",1887,23,,0,0,0,0,0,0,0,0,0,0,0,23,23.0
WA-0068,PB1887,"Punjab Lock Hospital Report","Colonial Medical Annual Lock Hospital Report",Punjab,Kasauli,"British India",1888,5,,0,0,0,0,0,0,0,0,0,0,0,5,5.0
WA-0052,PB1887,"Punjab Lock Hospital Report","Colonial Medical Annual Lock Hospital Report",Punjab,Kasauli,"British India",1889,4,,0,0,0,0,0,0,0,0,0,0,0,4,4.0
WA-0007,NWPO-1878,"Fifth annual report of the working of the lock-hospitals in the North-Western Provinces and Oudh","Colonial Medical Annual Lock Hospital Report","North-Western Provinces & Oudh",Lucknow,"British India",1878,,,0,0,0,0,0,0,0,0,0,0,0,0,0.0
WA-0022,NWPO-1878,"Fifth annual report of the working of the lock-hospitals in the North-Western Provinces and Oudh","Colonial Medical Annual Lock Hospital Report","North-Western Provinces & Oudh",Lucknow,"British India",1879,329,52,0,0,0,0,0,0,0,0,0,0,0,381,355.0
,,,,"North-Western Provinces & Oudh",Lucknow,"British India",1880,95,154,0,0,0,0,0,0,0,0,0,0,0,249,172.0
,,,,"North-Western Provinces & Oudh",Lucknow,"British India",1881,87,94,0,0,0,0,0,0,0,0,0,0,0,181,134.0
,,,,"North-Western Provinces & Oudh",Lucknow,"British India",1882,81.57,130,0,0,0,0,0,0,0,0,0,0,0,211.57,146.57
WA-0173,MD1876,"Madras Lock Hospital Reports","Colonial Medical Annual Lock Hospital Report","Madras Presidency",Madras,"British India",1876,,,0,0,0,0,0,0,0,0,0,0,0,0,0.0
WA-0181,MD1876,"Madras Lock Hospital Reports","Colonial Medical Annual Lock Hospital Report","Madras Presidency",Madras,"British India",1877,,,0,0,0,0,0,0,0,0,0,0,0,0,0.0
WA-0194,MD1876,"Madras Lock Hospital Reports","Colonial Medical Annual Lock Hospital Report","Madras Presidency",Madras,"British India",1878,,,0,0,0,0,0,0,0,0,0,0,0,0,0.0
WA-0207,MD1876,"Madras Lock Hospital Reports","Colonial Medical Annual Lock Hospital Report","Madras Presidency",Madras,"British India",1879,,,0,0,0,0,0,0,0,0,0,0,0,0,0.0
WA-0223,MD1876,"Madras Lock Hospital Reports","Colonial Medical Annual Lock Hospital Report","Madras Presidency",Madras,"British India",1880,,,0,0,0,0,0,0,0,0,0,0,0,0,0.0
WA-0241,MD1876,"Madras Lock Hospital Reports","Colonial Medical Annual Lock Hospital Report","Madras Presidency",Madras,"British India",1882,,,0,0,0,0,0,0,0,0,0,0,0,0,0.0
WA-0249,MD1876,"Madras Lock Hospital Reports","Colonial Medical Annual Lock Hospital Report","Madras Presidency",Madras,"British India",1883,,,0,0,0,0,0,0,0,0,0,0,0,0,0.0
WA-0258,MD1876,"Madras Lock Hospital Reports","Colonial Medical Annual Lock Hospital Report","Madras Presidency",Madras,"British India",1884,,,0,0,0,0,0,0,0,0,0,0,0,0,0.0
WA-0267,MD1876,"Madras Lock Hospital Reports","Colonial Medical Annual Lock Hospital Report","Madras Presidency",Madras,"British India",1885,,,0,0,0,0,0,0,0,0,0,0,0,0,0.0
WA-0285,MD1876,"Madras Lock Hospital Reports","Colonial Medical Annual Lock Hospital Report","Madras Presidency",Madras,"British India",1887,,,0,0,0,0,0,0,0,0,0,0,0,0,0.0
WA-0295,MD1876,"Madras Lock Hospital Reports","Colonial Medical Annual Lock Hospital Report","Madras Presidency",Madras,"British India",1888,,,0,0,0,0,0,0,0,0,0,0,0,0,0.0
WA-0305,MD1876,"Madras Lock Hospital Reports","Colonial Medical Annual Lock Hospital Report","Madras Presidency",Madras,"British India",1889,,,0,0,0,0,0,0,0,0,0,0,0,0,0.0
WA-0040,PB1887,"Punjab Lock Hospital Report","Colonial Medical Annual Lock Hospital Report",Punjab,"Meean Meer","British India",1887,,,0,0,0,0,0,0,0,0,0,0,0,0,0.0
WA-0072,PB1887,"Punjab Lock Hospital Report","Colonial Medical Annual Lock Hospital Report",Punjab,"Meean Meer","British India",1888,,,0,0,0,0,0,0,0,0,0,0,0,0,0.0
WA-0056,PB1887,"Punjab Lock Hospital Report","Colonial Medical Annual Lock Hospital Report",Punjab,"Meean Meer","British India",1889,,,0,0,0,0,0,0,0,0,0,0,0,0,0.0
WA-0008,NWPO-1878,"Fifth annual report of the working of the lock-hospitals in the North-Western Provinces and Oudh","Colonial Medical Annual Lock Hospital Report","North-Western Provinces & Oudh",Meerut,"British India",1878,,,0,0,0,0,0,0,0,0,0,0,0,0,0.0
WA-0027,NWPO-1878,"Fifth annual report of the working of the lock-hospitals in the North-Western Provinces and Oudh","Colonial Medical Annual Lock Hospital Report","North-Western Provinces & Oudh",Meerut,"British India",1879,,179,0,0,0,0,0,0,0,0,0,0,0,179,89.5
,,,,"North-Western Provinces & Oudh",Meerut,"British India",1880,102,150,0,0,0,0,0,0,0,0,0,0,0,252,177.0
,,,,"North-Western Provinces & Oudh",Meerut,"British India",1881,94.67,152,0,0,0,0,0,0,0,0,0,0,0,246.67,170.67
,,,,"North-Western Provinces & Oudh",Meerut,"British India",1882,73.43,132,0,0,0,0,0,0,0,0,0,0,0,205.43,139.43
WA-0041,PB1887,"Punjab Lock Hospital Report","Colonial Medical Annual Lock Hospital Report",Punjab,Mooltan,"British India",1887,,,0,0,0,0,0,0,0,0,0,0,0,0,0.0
WA-0073,PB1887,"Punjab Lock Hospital Report","Colonial Medical Annual Lock Hospital Report",Punjab,Mooltan,"British India",1888,,,0,0,0,0,0,0,0,0,0,0,0,0,0.0
WA-0057,PB1887,"Punjab Lock Hospital Report","Colonial Medical Annual Lock Hospital Report",Punjab,Mooltan,"British India",1889,,,0,0,0,0,0,0,0,0,0,0,0,0,0.0
WA-0012,NWPO-1878,"Fifth annual report of the working of the lock-hospitals in the North-Western Provinces and Oudh","Colonial Medical Annual Lock Hospital Report","North-Western Provinces & Oudh",Moradabad,"British India",1878,,,0,0,0,0,0,0,0,0,0,0,0,0,0.0
WA-0031,NWPO-1878,"Fifth annual report of the working of the lock-hospitals in the North-Western Provinces and Oudh","Colonial Medical Annual Lock Hospital Report","North-Western Provinces & Oudh",Moradabad,"British India",1879,,83,0,0,0,0,0,0,0,0,0,0,0,83,41.5
,,,,"North-Western Provinces & Oudh",Moradabad,"British India",1880,67.8,83,0,0,0,0,0,0,0,0,0,0,0,150.8,109.3
,,,,"North-Western Provinces & Oudh",Moradabad,"British India",1881,67.4,106,0,0,0,0,0,0,0,0,0,0,0,173.4,120.4
,,,,"North-Western Provinces & Oudh",Moradabad,"British India",1882,67.35,93,0,0,0,0,0,0,0,0,0,0,0,160.35,113.85
WA-0172,BB1886,"Burma Lock Hospitals Report","Colonial Medical Annual Lock Hospital Report","British Burma Division",Moulmein,"British Burma",1873,88,62,0,0,0,0,0,0,0,0,0,0,0,150,119.0
WA-0102,BB1886,"Burma Annual Report 1875","Colonial Medical Annual Lock Hospital Report","British Burma Division",Moulmein,"British India",1875,85,53,0,0,0,0,0,0,0,0,0,0,0,138,111.5
WA-0109,BB1886,"Burma Lock Hospital Report","Colonial Medical Annual Lock Hospital Report","British Burma Division",Moulmein,"British Burma",1876,85,53,0,0,0,0,0,0,0,0,0,0,0,138,111.5
WA-0117,BB1886,"Burma Lock Hospital Report","Colonial Medical Annual Lock Hospital Report","British Burma Division",Moulmein,"British Burma",1877,67,39,0,0,0,0,0,0,0,0,0,0,0,106,86.5
WA-0125,BB1886,"Burma Lock Hospital Report","Colonial Medical Annual Lock Hospital Report","British Burma Division",Moulmein,"British Burma",1878,49,38,0,0,0,0,0,0,0,0,0,0,0,87,68.0
WA-0138,BB1886,"Burma Lock Hospital Report","Colonial Medical Annual Lock Hospital Report","British Burma Division",Moulmein,"British Burma",1879,54,42,0,0,0,0,0,0,0,0,0,0,0,96,75.0
WA-0132,BB1886,"Burma Lock Hospital Report","Colonial Medical Annual Lock Hospital Report","British Burma Division",Moulmein,"British Burma",1880,78,24,0,0,0,0,0,0,0,0,0,0,0,102,90.0
,,,,"British Burma Division",Moulmein,"British Burma",1881,51,25,0,0,0,0,0,0,0,0,0,0,0,76,63.5
WA-0140,BB1886,"Burma Lock Hospital Report","Colonial Medical Annual Lock Hospital Report","British Burma Division",Moulmein,"British Burma",1882,63,28,0,0,0,0,0,0,0,0,0,0,0,91,77.0
WA-0149,BB1886,"Burma Lock Hospital Report","Colonial Medical Annual Lock Hospital Report","British Burma Division",Moulmein,"British Burma",1883,61,,0,0,0,0,0,0,0,0,0,0,0,61,61.0
WA-0155,BB1886,"Burma Lock Hospital Report","Colonial Medical Annual Lock Hospital Report","British Burma Division",Moulmein,"British Burma",1884,61,11,0,0,0,0,0,0,0,0,0,0,0,72,66.5
WA-0046,PB1887,"Punjab Lock Hospital Report","Colonial Medical Annual Lock Hospital Report",Punjab,Murree,"British India",1887,,,0,0,0,0,0,0,0,0,0,0,0,0,0.0
WA-0078,PB1887,"Punjab Lock Hospital Report","Colonial Medical Annual Lock Hospital Report",Punjab,Murree,"British India",1888,,,0,0,0,0,0,0,0,0,0,0,0,0,0.0
WA-0062,PB1887,"Punjab Lock Hospital Report","Colonial Medical Annual Lock Hospital Report",Punjab,Murree,"British India",1889,,,0,0,0,0,0,0,0,0,0,0,0,0,0.0
WA-0019,NWPO-1878,"Fifth annual report of the working of the lock-hospitals in the North-Western Provinces and Oudh","Colonial Medical Annual Lock Hospital Report","North-Western Provinces & Oudh",Muttra,"British India",1878,,,0,0,0,0,0,0,0,0,0,0,0,0,0.0
,,,,"North-Western Provinces & Oudh",Muttra,"British India",1880,13,18,0,0,0,0,0,0,0,0,0,0,0,31,22.0
,,,,"North-Western Provinces & Oudh",Muttra,"British India",1881,10.7,30,0,0,0,0,0,0,0,0,0,0,0,40.7,25.7
,,,,"North-Western Provinces & Oudh",Muttra,"British India",1882,25.91,43,0,0,0,0,0,0,0,0,0,0,0,68.91,47.41
,,,,"Central Provinces",Nagpur,"British India",1876,16,20,0,0,0,0,0,0,0,0,0,0,0,36,26.0
WA-0002,NLS-CP-1877," Annual report of the working of the lock-hospitals in the  Cental Provinces","Colonial Medical Annual Lock Hospital Report","Central Provinces",Nagpur,"British India",1877,16,3,0,0,0,0,0,0,0,0,0,0,0,19,17.5
WA-0013,NWPO-1878,"Fifth annual report of the working of the lock-hospitals in the North-Western Provinces and Oudh","Colonial Medical Annual Lock Hospital Report","North-Western Provinces & Oudh","Naini Tal","British India",1878,,,0,0,0,0,0,0,0,0,0,0,0,0,0.0
,,,,"North-Western Provinces & Oudh","Naini Tal","British India",1880,24,31,0,0,0,0,0,0,0,0,0,0,0,55,39.5
,,,,"North-Western Provinces & Oudh","Naini Tal","British India",1881,26.88,42,0,0,0,0,0,0,0,0,0,0,0,68.88,47.88
,,,,"North-Western Provinces & Oudh","Naini Tal","British India",1882,25.4,42,0,0,0,0,0,0,0,0,0,0,0,67.4,46.4
WA-0048,PB1887,"Punjab Lock Hospital Report","Colonial Medical Annual Lock Hospital Report",Punjab,Naushahra,"British India",1887,,,0,0,0,0,0,0,0,0,0,0,0,0,0.0
WA-0080,PB1887,"Punjab Lock Hospital Report","Colonial Medical Annual Lock Hospital Report",Punjab,Naushahra,"British India",1888,,,0,0,0,0,0,0,0,0,0,0,0,0,0.0
WA-0064,PB1887,"Punjab Lock Hospital Report","Colonial Medical Annual Lock Hospital Report",Punjab,Naushahra,"British India",1889,,,0,0,0,0,0,0,0,0,0,0,0,0,0.0
WA-0047,PB1887,"Punjab Lock Hospital Report","Colonial Medical Annual Lock Hospital Report",Punjab,Peshawar,"British India",1887,,,0,0,0,0,0,0,0,0,0,0,0,0,0.0
WA-0079,PB1887,"Punjab Lock Hospital Report","Colonial Medical Annual Lock Hospital Report",Punjab,Peshawar,"British India",1888,,,0,0,0,0,0,0,0,0,0,0,0,0,0.0
WA-0063,PB1887,"Punjab Lock Hospital Report","Colonial Medical Annual Lock Hospital Report",Punjab,Peshawar,"British India",1889,,,0,0,0,0,0,0,0,0,0,0,0,0,0.0
WA-0169,BB1886,"Burma Lock Hospitals Report","Colonial Medical Annual Lock Hospital Report","British Burma Division",Prome,"British Burma",1873,46,26,0,0,0,0,0,0,0,0,0,0,0,72,59.0
WA-0099,BB1886,"Burma Annual Report 1875","Colonial Medical Annual Lock Hospital Report","British Burma Division",Prome,"British India",1875,25,20,0,0,0,0,0,0,0,0,0,0,0,45,35.0
WA-0106,BB1886,"Burma Lock Hospital Report","Colonial Medical Annual Lock Hospital Report","British Burma Division",Prome,"British Burma",1876,25,20,0,0,0,0,0,0,0,0,0,0,0,45,35.0
WA-0121,BB1886,"Burma Lock Hospital Report","Colonial Medical Annual Lock Hospital Report","British Burma Division",Prome,"British Burma",1878,16,58,0,0,0,0,0,0,0,0,0,0,0,74,45.0
WA-0137,BB1886,"Burma Lock Hospital Report","Colonial Medical Annual Lock Hospital Report","British Burma Division",Prome,"British Burma",1879,25,12,0,0,0,0,0,0,0,0,0,0,0,37,31.0
WA-0129,BB1886,"Burma Lock Hospital Report","Colonial Medical Annual Lock Hospital Report","British Burma Division",Prome,"British Burma",1880,7,7,0,0,0,0,0,0,0,0,0,0,0,14,10.5
WA-0143,BB1886,"Burma Lock Hospital Report","Colonial Medical Annual Lock Hospital Report","British Burma Division",Prome,"British Burma",1882,13,2,0,0,0,0,0,0,0,0,0,0,0,15,14.0
WA-0167,BB1886,"Burma Lock Hospitals Report","Colonial Medical Annual Lock Hospital Report","British Burma Division",Rangoon,"British Burma",1873,322,232,0,0,0,0,0,0,0,0,0,0,0,554,438.0
WA-0097,BB1886,"Burma Annual Report 1875","Colonial Medical Annual Lock Hospital Report","British Burma Division",Rangoon,"British India",1875,356,284,0,0,0,0,0,0,0,0,0,0,0,640,498.0
WA-0104,BB1886,"Burma Lock Hospital Report","Colonial Medical Annual Lock Hospital Report","British Burma Division",Rangoon,"British Burma",1876,356,284,0,0,0,0,0,0,0,0,0,0,0,640,498.0
WA-0112,BB1886,"Burma Lock Hospital Report","Colonial Medical Annual Lock Hospital Report","British Burma Division",Rangoon,"British Burma",1877,466,239,0,0,0,0,0,0,0,0,0,0,0,705,585.5
WA-0119,BB1886,"Burma Lock Hospital Report","Colonial Medical Annual Lock Hospital Report","British Burma Division",Rangoon,"British Burma",1878,407,280,0,0,0,0,0,0,0,0,0,0,0,687,547.0
WA-0134,BB1886,"Burma Lock Hospital Report","Colonial Medical Annual Lock Hospital Report","British Burma Division",Rangoon,"British Burma",1879,445,222,0,0,0,0,0,0,0,0,0,0,0,667,556.0
WA-0127,BB1886,"Burma Lock Hospital Report","Colonial Medical Annual Lock Hospital Report","British Burma Division",Rangoon,"British Burma",1880,476,241,0,0,0,0,0,0,0,0,0,0,0,717,596.5
WA-0144,BB1886,"Burma Lock Hospital Report","Colonial Medical Annual Lock Hospital Report","British Burma Division",Rangoon,"British Burma",1882,535,209,0,0,0,0,0,0,0,0,0,0,0,744,639.5
WA-0145,BB1886,"Burma Lock Hospital Report","Colonial Medical Annual Lock Hospital Report","British Burma Division",Rangoon,"British Burma",1883,466,,0,0,0,0,0,0,0,0,0,0,0,466,466.0
WA-0151,BB1886,"Burma Lock Hospital Report","Colonial Medical Annual Lock Hospital Report","British Burma Division",Rangoon,"British Burma",1884,466,200,0,0,0,0,0,0,0,0,0,0,0,666,566.0
WA-0157,BB1886,"Burma Lock Hospital Report","Colonial Medical Annual Lock Hospital Report","British Burma Division",Rangoon,"British Burma",1885,363,219,0,0,0,0,0,0,0,0,0,0,0,582,472.5
WA-0162,BB1886,"Burma Lock Hospital Report","Colonial Medical Annual Lock Hospital Report","British Burma Division",Rangoon,"British Burma",1886,392,257,0,0,0,0,0,0,0,0,0,0,0,649,520.5
WA-0286,MD1876,"Madras Lock Hospital Reports","Colonial Medical Annual Lock Hospital Report","British Burma Division",Rangoon,"British Burma",1887,,,0,0,0,0,0,0,0,0,0,0,0,0,0.0
WA-0296,MD1876,"Madras Lock Hospital Reports","Colonial Medical Annual Lock Hospital Report","British Burma Division",Rangoon,"British Burma",1888,,,0,0,0,0,0,0,0,0,0,0,0,0,0.0
WA-0306,MD1876,"Madras Lock Hospital Reports","Colonial Medical Annual Lock Hospital Report","British Burma Division",Rangoon,"British Burma",1889,,,0,0,0,0,0,0,0,0,0,0,0,0,0.0
,,,,"North-Western Provinces & Oudh",Ranikhet,"British India",1880,41,63,0,0,0,0,0,0,0,0,0,0,0,104,72.5
,,,,"North-Western Provinces & Oudh",Ranikhet,"British India",1881,50.7,73,0,0,0,0,0,0,0,0,0,0,0,123.7,87.2
WA-0044,PB1887,"Punjab Lock Hospital Report","Colonial Medical Annual Lock Hospital Report",Punjab,Rawalpindi,"British India",1887,,,0,0,0,0,0,0,0,0,0,0,0,0,0.0
WA-0076,PB1887,"Punjab Lock Hospital Report","Colonial Medical Annual Lock Hospital Report",Punjab,Rawalpindi,"British India",1888,,,0,0,0,0,0,0,0,0,0,0,0,0,0.0
WA-0060,PB1887,"Punjab Lock Hospital Report","Colonial Medical Annual Lock Hospital Report",Punjab,Rawalpindi,"British India",1889,,,0,0,0,0,0,0,0,0,0,0,0,0,0.0
WA-0017,NWPO-1878,"Fifth annual report of the working of the lock-hospitals in the North-Western Provinces and Oudh","Colonial Medical Annual Lock Hospital Report","North-Western Provinces & Oudh",Roorkee,"British India",1878,,,0,0,0,0,0,0,0,0,0,0,0,0,0.0
,,,,"North-Western Provinces & Oudh",Roorkee,"British India",1880,27,42,0,0,0,0,0,0,0,0,0,0,0,69,48.0
,,,,"North-Western Provinces & Oudh",Roorkee,"British India",1881,34.25,57,0,0,0,0,0,0,0,0,0,0,0,91.25,62.75
,,,,"North-Western Provinces & Oudh",Roorkee,"British India",1882,28.16,45,0,0,0,0,0,0,0,0,0,0,0,73.16,50.66
WA-0004,NLS-CP-1877," Annual report of the working of the lock-hospitals in the  Cental Provinces","Colonial Medical Annual Lock Hospital Report","Central Provinces",Saugor,"British India",1879,67,18,0,0,0,0,0,0,0,0,0,0,0,85,76.0
WA-0184,MD1876,"Madras Lock Hospital Reports","Colonial Medical Annual Lock Hospital Report","Madras Presidency",Secunderabad,"British India",1877,,,0,0,0,0,0,0,0,0,0,0,0,0,0.0
WA-0197,MD1876,"Madras Lock Hospital Reports","Colonial Medical Annual Lock Hospital Report","Madras Presidency",Secunderabad,"British India",1878,,,0,0,0,0,0,0,0,0,0,0,0,0,0.0
WA-0210,MD1876,"Madras Lock Hospital Reports","Colonial Medical Annual Lock Hospital Report","Madras Presidency",Secunderabad,"British India",1879,,,0,0,0,0,0,0,0,0,0,0,0,0,0.0
WA-0224,MD1876,"Madras Lock Hospital Reports","Colonial Medical Annual Lock Hospital Report","Madras Presidency",Secunderabad,"British India",1880,,,0,0,0,0,0,0,0,0,0,0,0,0,0.0
WA-0231,MD1876,"Madras Lock Hospital Reports","Colonial Medical Annual Lock Hospital Report","Madras Presidency",Secunderabad,"British India",1881,,,0,0,0,0,0,0,0,0,0,0,0,0,0.0
WA-0238,MD1876,"Madras Lock Hospital Reports","Colonial Medical Annual Lock Hospital Report","Madras Presidency",Secunderabad,"British India",1882,,,0,0,0,0,0,0,0,0,0,0,0,0,0.0
WA-0247,MD1876,"Madras Lock Hospital Reports","Colonial Medical Annual Lock Hospital Report","Madras Presidency",Secunderabad,"British India",1883,,,0,0,0,0,0,0,0,0,0,0,0,0,0.0
WA-0256,MD1876,"Madras Lock Hospital Reports","Colonial Medical Annual Lock Hospital Report","Madras Presidency",Secunderabad,"British India",1884,,,0,0,0,0,0,0,0,0,0,0,0,0,0.0
WA-0265,MD1876,"Madras Lock Hospital Reports","Colonial Medical Annual Lock Hospital Report","Madras Presidency",Secunderabad,"British India",1885,,,0,0,0,0,0,0,0,0,0,0,0,0,0.0
WA-0275,MD1876,"Madras Lock Hospital Reports","Colonial Medical Annual Lock Hospital Report","Madras Presidency",Secunderabad,"British India",1886,,,0,0,0,0,0,0,0,0,0,0,0,0,0.0
WA-0283,MD1876,"Madras Lock Hospital Reports","Colonial Medical Annual Lock Hospital Report","Madras Presidency",Secunderabad,"British India",1887,,,0,0,0,0,0,0,0,0,0,0,0,0,0.0
WA-0293,MD1876,"Madras Lock Hospital Reports","Colonial Medical Annual Lock Hospital Report","Madras Presidency",Secunderabad,"British India",1888,,,0,0,0,0,0,0,0,0,0,0,0,0,0.0
WA-0303,MD1876,"Madras Lock Hospital Reports","Colonial Medical Annual Lock Hospital Report","Madras Presidency",Secunderabad,"British India",1889,,,0,0,0,0,0,0,0,0,0,0,0,0,0.0
WA-0185,MD1876,"Madras Lock Hospital Reports","Colonial Medical Annual Lock Hospital Report","Madras Presidency",Seetabuldee,"British India",1877,,,0,0,0,0,0,0,0,0,0,0,0,0,0.0
WA-0198,MD1876,"Madras Lock Hospital Reports","Colonial Medical Annual Lock Hospital Report","Madras Presidency",Seetabuldee,"British India",1878,,,0,0,0,0,0,0,0,0,0,0,0,0,0.0
WA-0211,MD1876,"Madras Lock Hospital Reports","Colonial Medical Annual Lock Hospital Report","Madras Presidency",Seetabuldee,"British India",1879,,,0,0,0,0,0,0,0,0,0,0,0,0,0.0
WA-0015,NWPO-1878,"Fifth annual report of the working of the lock-hospitals in the North-Western Provinces and Oudh","Colonial Medical Annual Lock Hospital Report","North-Western Provinces & Oudh",Shahjahanpur,"British India",1878,,,0,0,0,0,0,0,0,0,0,0,0,0,0.0
WA-0032,NWPO-1878,"Fifth annual report of the working of the lock-hospitals in the North-Western Provinces and Oudh","Colonial Medical Annual Lock Hospital Report","North-Western Provinces & Oudh",Shahjahanpur,"British India",1879,,72,0,0,0,0,0,0,0,0,0,0,0,72,36.0
,,,,"North-Western Provinces & Oudh",Shahjahanpur,"British India",1880,43,79,0,0,0,0,0,0,0,0,0,0,0,122,82.5
,,,,"North-Western Provinces & Oudh",Shahjahanpur,"British India",1881,41.53,85,0,0,0,0,0,0,0,0,0,0,0,126.53,84.03
,,,,"North-Western Provinces & Oudh",Shahjahanpur,"British India",1882,38.95,68,0,0,0,0,0,0,0,0,0,0,0,106.95,72.95
WA-0043,PB1887,"Punjab Lock Hospital Report","Colonial Medical Annual Lock Hospital Report",Punjab,Sialkot,"British India",1887,,,0,0,0,0,0,0,0,0,0,0,0,0,0.0
WA-0075,PB1887,"Punjab Lock Hospital Report","Colonial Medical Annual Lock Hospital Report",Punjab,Sialkot,"British India",1888,,,0,0,0,0,0,0,0,0,0,0,0,0,0.0
WA-0059,PB1887,"Punjab Lock Hospital Report","Colonial Medical Annual Lock Hospital Report",Punjab,Sialkot,"British India",1889,,,0,0,0,0,0,0,0,0,0,0,0,0,0.0
WA-0016,NWPO-1878,"Fifth annual report of the working of the lock-hospitals in the North-Western Provinces and Oudh","Colonial Medical Annual Lock Hospital Report","North-Western Provinces & Oudh",Sitapur,"British India",1878,,,0,0,0,0,0,0,0,0,0,0,0,0,0.0
,,,,"North-Western Provinces & Oudh",Sitapur,"British India",1880,47,74,0,0,0,0,0,0,0,0,0,0,0,121,84.0
,,,,"North-Western Provinces & Oudh",Sitapur,"British India",1881,53.8,80,0,0,0,0,0,0,0,0,0,0,0,133.8,93.8
,,,,"North-Western Provinces & Oudh",Sitapur,"British India",1882,53.51,92,0,0,0,0,0,0,0,0,0,0,0,145.51,99.51
WA-0183,MD1876,"Madras Lock Hospital Reports","Colonial Medical Annual Lock Hospital Report","Madras Presidency","St. Thomas' Mount","British India",1877,,,0,0,0,0,0,0,0,0,0,0,0,0,0.0
WA-0196,MD1876,"Madras Lock Hospital Reports","Colonial Medical Annual Lock Hospital Report","Madras Presidency","St. Thomas' Mount","British India",1878,,,0,0,0,0,0,0,0,0,0,0,0,0,0.0
WA-0209,MD1876,"Madras Lock Hospital Reports","Colonial Medical Annual Lock Hospital Report","Madras Presidency","St. Thomas' Mount","British India",1879,,,0,0,0,0,0,0,0,0,0,0,0,0,0.0
WA-0218,MD1876,"Madras Lock Hospital Reports","Colonial Medical Annual Lock Hospital Report","Madras Presidency","St. Thomas' Mount","British India",1880,,,0,0,0,0,0,0,0,0,0,0,0,0,0.0
WA-0230,MD1876,"Madras Lock Hospital Reports","Colonial Medical Annual Lock Hospital Report","Madras Presidency","St. Thomas' Mount","British India",1881,,,0,0,0,0,0,0,0,0,0,0,0,0,0.0
WA-0237,MD1876,"Madras Lock Hospital Reports","Colonial Medical Annual Lock Hospital Report","Madras Presidency","St. Thomas' Mount","British India",1882,,,0,0,0,0,0,0,0,0,0,0,0,0,0.0
WA-0246,MD1876,"Madras Lock Hospital Reports","Colonial Medical Annual Lock Hospital Report","Madras Presidency","St. Thomas' Mount","British India",1883,,,0,0,0,0,0,0,0,0,0,0,0,0,0.0
WA-0255,MD1876,"Madras Lock Hospital Reports","Colonial Medical Annual Lock Hospital Report","Madras Presidency","St. Thomas' Mount","British India",1884,,,0,0,0,0,0,0,0,0,0,0,0,0,0.0
WA-0264,MD1876,"Madras Lock Hospital Reports","Colonial Medical Annual Lock Hospital Report","Madras Presidency","St. Thomas' Mount","British India",1885,,,0,0,0,0,0,0,0,0,0,0,0,0,0.0
WA-0274,MD1876,"Madras Lock Hospital Reports","Colonial Medical Annual Lock Hospital Report","Madras Presidency","St. Thomas' Mount","British India",1886,,5,0,0,0,0,0,0,0,0,0,0,0,5,2.5
WA-0282,MD1876,"Madras Lock Hospital Reports","Colonial Medical Annual Lock Hospital Report","Madras Presidency","St. Thomas' Mount","British India",1887,,,0,0,0,0,0,0,0,0,0,0,0,0,0.0
WA-0292,MD1876,"Madras Lock Hospital Reports","Colonial Medical Annual Lock Hospital Report","Madras Presidency","St. Thomas' Mount","British India",1888,,,0,0,0,0,0,0,0,0,0,0,0,0,0.0
WA-0302,MD1876,"Madras Lock Hospital Reports","Colonial Medical Annual Lock Hospital Report","Madras Presidency","St. Thomas' Mount","British India",1889,,,0,0,0,0,0,0,0,0,0,0,0,0,0.0
WA-0037,PB1887,"Punjab Lock Hospital Report","Colonial Medical Annual Lock Hospital Report",Punjab,Subathu,"British India",1887,,,0,0,0,0,0,0,0,0,0,0,0,0,0.0
WA-0069,PB1887,"Punjab Lock Hospital Report","Colonial Medical Annual Lock Hospital Report",Punjab,Subathu,"British India",1888,,,0,0,0,0,0,0,0,0,0,0,0,0,0.0
WA-0053,PB1887,"Punjab Lock Hospital Report","Colonial Medical Annual Lock Hospital Report",Punjab,Subathu,"British India",1889,,,0,0,0,0,0,0,0,0,0,0,0,0,0.0
WA-0170,BB1886,"Burma Lock Hospitals Report","Colonial Medical Annual Lock Hospital Report","British Burma Division",Thayetmyo,"British Burma",1873,16,9,0,0,0,0,0,0,0,0,0,0,0,25,20.5
WA-0100,BB1886,"Burma Annual Report 1875","Colonial Medical Annual Lock Hospital Report","British Burma Division",Thayetmyo,"British India",1875,18,11,0,0,0,0,0,0,0,0,0,0,0,29,23.5
WA-0107,BB1886,"Burma Lock Hospital Report","Colonial Medical Annual Lock Hospital Report","British Burma Division",Thayetmyo,"British Burma",1876,18,11,0,0,0,0,0,0,0,0,0,0,0,29,23.5
WA-0113,BB1886,"Burma Lock Hospital Report","Colonial Medical Annual Lock Hospital Report","British Burma Division",Thayetmyo,"British Burma",1877,19,34,0,0,0,0,0,0,0,0,0,0,0,53,36.0
WA-0122,BB1886,"Burma Lock Hospital Report","Colonial Medical Annual Lock Hospital Report","British Burma Division",Thayetmyo,"British Burma",1878,23,23,0,0,0,0,0,0,0,0,0,0,0,46,34.5
WA-0135,BB1886,"Burma Lock Hospital Report","Colonial Medical Annual Lock Hospital Report","British Burma Division",Thayetmyo,"British Burma",1879,19,25,0,0,0,0,0,0,0,0,0,0,0,44,31.5
WA-0130,BB1886,"Burma Lock Hospital Report","Colonial Medical Annual Lock Hospital Report","British Burma Division",Thayetmyo,"British Burma",1880,28,24,0,0,0,0,0,0,0,0,0,0,0,52,40.0
,,,,"British Burma Division",Thayetmyo,"British Burma",1881,24,23,0,0,0,0,0,0,0,0,0,0,0,47,35.5
WA-0141,BB1886,"Burma Lock Hospital Report","Colonial Medical Annual Lock Hospital Report","British Burma Division",Thayetmyo,"British Burma",1882,20,19,0,0,0,0,0,0,0,0,0,0,0,39,29.5
WA-0148,BB1886,"Burma Lock Hospital Report","Colonial Medical Annual Lock Hospital Report","British Burma Division",Thayetmyo,"British Burma",1883,31,,0,0,0,0,0,0,0,0,0,0,0,31,31.0
WA-0153,BB1886,"Burma Lock Hospital Report","Colonial Medical Annual Lock Hospital Report","British Burma Division",Thayetmyo,"British Burma",1884,31,13,0,0,0,0,0,0,0,0,0,0,0,44,37.5
WA-0159,BB1886,"Burma Lock Hospital Report","Colonial Medical Annual Lock Hospital Report","British Burma Division",Thayetmyo,"British Burma",1885,28,20,0,0,0,0,0,0,0,0,0,0,0,48,38.0
WA-0164,BB1886,"Burma Lock Hospital Report","Colonial Medical Annual Lock Hospital Report","British Burma Division",Thayetmyo,"British Burma",1886,29,25,0,0,0,0,0,0,0,0,0,0,0,54,41.5
WA-0176,MD1876,"Madras Lock Hospital Reports","Colonial Medical Annual Lock Hospital Report","British Burma Division",Tonghoo,"British Burma",1876,,,0,0,0,0,0,0,0,0,0,0,0,0,0.0
WA-0189,MD1876,"Madras Lock Hospital Reports","Colonial Medical Annual Lock Hospital Report","British Burma Division",Tonghoo,"British Burma",1877,,,0,0,0,0,0,0,0,0,0,0,0,0,0.0
WA-0202,MD1876,"Madras Lock Hospital Reports","Colonial Medical Annual Lock Hospital Report","British Burma Division",Tonghoo,"British Burma",1878,,,0,0,0,0,0,0,0,0,0,0,0,0,0.0
WA-0215,MD1876,"Madras Lock Hospital Reports","Colonial Medical Annual Lock Hospital Report","British Burma Division",Tonghoo,"British Burma",1879,,,0,0,0,0,0,0,0,0,0,0,0,0,0.0
WA-0103,BB1886,"Burma Annual Report 1875","Colonial Medical Annual Lock Hospital Report","British Burma Division",Toungoo,"British India",1875,11,10,0,0,0,0,0,0,0,0,0,0,0,21,16.0
WA-0110,BB1886,"Burma Lock Hospital Report","Colonial Medical Annual Lock Hospital Report","British Burma Division",Toungoo,"British Burma",1876,11,10,0,0,0,0,0,0,0,0,0,0,0,21,16.0
WA-0118,BB1886,"Burma Lock Hospital Report","Colonial Medical Annual Lock Hospital Report","British Burma Division",Toungoo,"British Burma",1877,15,,0,0,0,0,0,0,0,0,0,0,0,15,15.0
WA-0126,BB1886,"Burma Lock Hospital Report","Colonial Medical Annual Lock Hospital Report","British Burma Division",Toungoo,"British Burma",1878,10,7,0,0,0,0,0,0,0,0,0,0,0,17,13.5
WA-0133,BB1886,"Burma Lock Hospital Report","Colonial Medical Annual Lock Hospital Report","British Burma Division",Toungoo,"British Burma",1880,15,17,0,0,0,0,0,0,0,0,0,0,0,32,23.5
,,,,"British Burma Division",Toungoo,"British Burma",1881,17,11,0,0,0,0,0,0,0,0,0,0,0,28,22.5
WA-0139,BB1886,"Burma Lock Hospital Report","Colonial Medical Annual Lock Hospital Report","British Burma Division",Toungoo,"British Burma",1882,21,11,0,0,0,0,0,0,0,0,0,0,0,32,26.5
WA-0150,BB1886,"Burma Lock Hospital Report","Colonial Medical Annual Lock Hospital Report","British Burma Division",Toungoo,"British Burma",1883,15,,0,0,0,0,0,0,0,0,0,0,0,15,15.0
WA-0156,BB1886,"Burma Lock Hospital Report","Colonial Medical Annual Lock Hospital Report","British Burma Division",Toungoo,"British Burma",1884,15,17,0,0,0,0,0,0,0,0,0,0,0,32,23.5
WA-0161,BB1886,"Burma Lock Hospital Report","Colonial Medical Annual Lock Hospital Report","British Burma Division",Toungoo,"British Burma",1885,18,24,0,0,0,0,0,0,0,0,0,0,0,42,30.0
WA-0166,BB1886,"Burma Lock Hospital Report","Colonial Medical Annual Lock Hospital Report","British Burma Division",Toungoo,"British Burma",1886,18,22,0,0,0,0,0,0,0,0,0,0,0,40,29.0
WA-0186,MD1876,"Madras Lock Hospital Reports","Colonial Medical Annual Lock Hospital Report","Madras Presidency",Trichinopoly,"British India",1877,,,0,0,0,0,0,0,0,0,0,0,0,0,0.0
WA-0199,MD1876,"Madras Lock Hospital Reports","Colonial Medical Annual Lock Hospital Report","Madras Presidency",Trichinopoly,"British India",1878,,,0,0,0,0,0,0,0,0,0,0,0,0,0.0
WA-0212,MD1876,"Madras Lock Hospital Reports","Colonial Medical Annual Lock Hospital Report","Madras Presidency",Trichinopoly,"British India",1879,,,0,0,0,0,0,0,0,0,0,0,0,0,0.0
WA-0221,MD1876,"Madras Lock Hospital Reports","Colonial Medical Annual Lock Hospital Report","Madras Presidency",Trichinopoly,"British India",1880,,,0,0,0,0,0,0,0,0,0,0,0,0,0.0
WA-0034,PB1887,"Punjab Lock Hospital Report","Colonial Medical Annual Lock Hospital Report",Punjab,Umballa,"British India",1887,85,20,0,0,0,0,0,0,0,0,0,0,0,105,95.0
WA-0066,PB1887,"Punjab Lock Hospital Report","Colonial Medical Annual Lock Hospital Report",Punjab,Umballa,"British India",1888,85,8,0,0,0,0,0,0,0,0,0,0,0,93,89.0
WA-0050,PB1887,"Punjab Lock Hospital Report","Colonial Medical Annual Lock Hospital Report",Punjab,Umballa,"British India",1889,83,7,0,0,0,0,0,0,0,0,0,0,0,90,86.5
WA-0187,MD1876,"Madras Lock Hospital Reports","Colonial Medical Annual Lock Hospital Report","Madras Presidency",Wellington,"British India",1877,,,0,0,0,0,0,0,0,0,0,0,0,0,0.0
WA-0200,MD1876,"Madras Lock Hospital Reports","Colonial Medical Annual Lock Hospital Report","Madras Presidency",Wellington,"British India",1878,,,0,0,0,0,0,0,0,0,0,0,0,0,0.0
WA-0213,MD1876,"Madras Lock Hospital Reports","Colonial Medical Annual Lock Hospital Report","Madras Presidency",Wellington,"British India",1879,,,0,0,0,0,0,0,0,0,0,0,0,0,0.0
WA-0222,MD1876,"Madras Lock Hospital Reports","Colonial Medical Annual Lock Hospital Report","Madras Presidency",Wellington,"British India",1880,,,0,0,0,0,0,0,0,0,0,0,0,0,0.0
WA-0232,MD1876,"Madras Lock Hospital Reports","Colonial Medical Annual Lock Hospital Report","Madras Presidency",Wellington,"British India",1881,,,0,0,0,0,0,0,0,0,0,0,0,0,0.0
WA-0239,MD1876,"Madras Lock Hospital Reports","Colonial Medical Annual Lock Hospital Report","Madras Presidency",Wellington,"British India",1882,,,0,0,0,0,0,0,0,0,0,0,0,0,0.0
WA-0248,MD1876,"Madras Lock Hospital Reports","Colonial Medical Annual Lock Hospital Report","Madras Presidency",Wellington,"British India",1883,,,0,0,0,0,0,0,0,0,0,0,0,0,0.0
WA-0257,MD1876,"Madras Lock Hospital Reports","Colonial Medical Annual Lock Hospital Report","Madras Presidency",Wellington,"British India",1884,,,0,0,0,0,0,0,0,0,0,0,0,0,0.0
WA-0266,MD1876,"Madras Lock Hospital Reports","Colonial Medical Annual Lock Hospital Report","Madras Presidency",Wellington,"British India",1885,,,0,0,0,0,0,0,0,0,0,0,0,0,0.0
WA-0276,MD1876,"Madras Lock Hospital Reports","Colonial Medical Annual Lock Hospital Report","Madras Presidency",Wellington,"British India",1886,,,0,0,0,0,0,0,0,0,0,0,0,0,0.0
WA-0284,MD1876,"Madras Lock Hospital Reports","Colonial Medical Annual Lock Hospital Report","Madras Presidency",Wellington,"British India",1887,,,0,0,0,0,0,0,0,0,0,0,0,0,0.0
WA-0294,MD1876,"Madras Lock Hospital Reports","Colonial Medical Annual Lock Hospital Report","Madras Presidency",Wellington,"British India",1888,,,0,0,0,0,0,0,0,0,0,0,0,0,0.0
WA-0304,MD1876,"Madras Lock Hospital Reports","Colonial Medical Annual Lock Hospital Report","Madras Presidency",Wellington,"British India",1889,,,0,0,0,0,0,0,0,0,0,0,0,0,0.0
